,bpm,time,endtime
0,54.0,1686300283000000000,1686300283000000000
1,67.0,1686300548000000000,1686300548000000000
2,55.0,1686301058000000000,1686301058000000000
3,59.0,1686301348000000000,1686301348000000000
4,53.0,1686301623000000000,1686301623000000000
5,61.0,1686301777000000000,1686301777000000000
6,54.0,1686302089000000000,1686302089000000000
7,89.0,1686302557000000000,1686302557000000000
8,73.0,1686302815000000000,1686302815000000000
9,49.0,1686303174000000000,1686303174000000000
10,57.0,1686303394000000000,1686303394000000000
11,56.0,1686303727000000000,1686303727000000000
12,62.0,1686303914000000000,1686303914000000000
13,59.0,1686304335000000000,1686304335000000000
14,57.0,1686304674000000000,1686304674000000000
15,55.0,1686304974000000000,1686304974000000000
16,53.0,1686305290000000000,1686305290000000000
17,67.0,1686305477000000000,1686305477000000000
18,69.0,1686305786000000000,1686305786000000000
19,58.0,1686305843000000000,1686305843000000000
20,60.0,1686306077000000000,1686306077000000000
21,52.0,1686306393000000000,1686306393000000000
22,125.0,1686306675000000000,1686306675000000000
23,93.0,1686306689000000000,1686306689000000000
24,91.0,1686306696000000000,1686306696000000000
25,91.0,1686306700000000000,1686306700000000000
26,92.0,1686306704000000000,1686306704000000000
27,92.0,1686306707000000000,1686306707000000000
28,87.0,1686306716000000000,1686306716000000000
29,87.0,1686306718000000000,1686306718000000000
30,88.0,1686306725000000000,1686306725000000000
31,87.0,1686306731000000000,1686306731000000000
32,87.0,1686306733000000000,1686306733000000000
33,88.0,1686306737000000000,1686306737000000000
34,88.0,1686306745000000000,1686306745000000000
35,88.0,1686306752000000000,1686306752000000000
36,89.0,1686306753000000000,1686306753000000000
37,89.0,1686306758000000000,1686306758000000000
38,89.0,1686306763000000000,1686306763000000000
39,89.0,1686306772000000000,1686306772000000000
40,89.0,1686306773000000000,1686306773000000000
41,89.0,1686306782000000000,1686306782000000000
42,89.0,1686306787000000000,1686306787000000000
43,89.0,1686306790000000000,1686306790000000000
44,89.0,1686306796000000000,1686306796000000000
45,86.0,1686306801000000000,1686306801000000000
46,86.0,1686306807000000000,1686306807000000000
47,86.0,1686306808000000000,1686306808000000000
48,87.0,1686306814000000000,1686306814000000000
49,91.0,1686306818000000000,1686306818000000000
50,91.0,1686306827000000000,1686306827000000000
51,91.0,1686306829000000000,1686306829000000000
52,77.0,1686307063000000000,1686307063000000000
53,72.0,1686307345000000000,1686307345000000000
54,56.0,1686307638000000000,1686307638000000000
55,66.0,1686307733000000000,1686307733000000000
56,59.0,1686308015000000000,1686308015000000000
57,80.0,1686308497000000000,1686308497000000000
58,66.0,1686308737000000000,1686308737000000000
59,70.0,1686309125000000000,1686309125000000000
60,72.0,1686309350000000000,1686309350000000000
61,67.0,1686309601000000000,1686309601000000000
62,67.0,1686309878000000000,1686309878000000000
63,77.0,1686310118000000000,1686310118000000000
64,91.0,1686310387000000000,1686310387000000000
65,68.0,1686310549000000000,1686310549000000000
66,83.0,1686310570000000000,1686310570000000000
67,65.0,1686310842000000000,1686310842000000000
68,65.0,1686311151000000000,1686311151000000000
69,104.0,1686311571000000000,1686311571000000000
70,68.0,1686311698000000000,1686311698000000000
71,67.0,1686311950000000000,1686311950000000000
72,71.0,1686312341000000000,1686312341000000000
73,83.0,1686312601000000000,1686312601000000000
74,66.0,1686312759000000000,1686312759000000000
75,65.0,1686312962000000000,1686312962000000000
76,67.0,1686313234000000000,1686313234000000000
77,68.0,1686313567000000000,1686313567000000000
78,66.0,1686313951000000000,1686313951000000000
79,68.0,1686314032000000000,1686314032000000000
80,62.0,1686314365000000000,1686314365000000000
81,63.0,1686314840000000000,1686314840000000000
82,60.0,1686315052000000000,1686315052000000000
83,60.0,1686315421000000000,1686315421000000000
84,67.0,1686315703000000000,1686315703000000000
85,61.0,1686316043000000000,1686316043000000000
86,60.0,1686316338000000000,1686316338000000000
87,62.4601020812988,1686316351000000000,1686316351000000000
88,58.0,1686316581000000000,1686316581000000000
89,65.0,1686316993000000000,1686316993000000000
90,61.0,1686317068000000000,1686317068000000000
91,66.0,1686317528000000000,1686317528000000000
92,56.0,1686317627000000000,1686317627000000000
93,63.0,1686317936000000000,1686317936000000000
94,61.0,1686318295000000000,1686318295000000000
95,75.0,1686318674000000000,1686318674000000000
96,61.0,1686318832000000000,1686318832000000000
97,97.0,1686319272000000000,1686319272000000000
98,61.0,1686319396000000000,1686319396000000000
99,61.0,1686319586000000000,1686319586000000000
100,65.0,1686319758000000000,1686319758000000000
101,60.0,1686320287000000000,1686320287000000000
102,69.0,1686320580000000000,1686320580000000000
103,74.0,1686320753000000000,1686320753000000000
104,66.0,1686321095000000000,1686321095000000000
105,62.0,1686321350000000000,1686321350000000000
106,75.0,1686321654000000000,1686321654000000000
107,67.0,1686322020000000000,1686322020000000000
108,65.0,1686322347000000000,1686322347000000000
109,67.0,1686322436000000000,1686322436000000000
110,69.0,1686322872000000000,1686322872000000000
111,64.0,1686323211000000000,1686323211000000000
112,61.0,1686323379000000000,1686323379000000000
113,69.0,1686323814000000000,1686323814000000000
114,63.0,1686324127000000000,1686324127000000000
115,74.0,1686324252000000000,1686324252000000000
116,77.0,1686324523000000000,1686324523000000000
117,57.0,1686325216000000000,1686325216000000000
118,68.0,1686325535000000000,1686325535000000000
119,68.0,1686325996000000000,1686325996000000000
120,78.0,1686326241000000000,1686326241000000000
121,69.0,1686326374000000000,1686326374000000000
122,59.0,1686326841000000000,1686326841000000000
123,83.0,1686327391000000000,1686327391000000000
124,76.0,1686327512000000000,1686327512000000000
125,68.0,1686327853000000000,1686327853000000000
126,73.0,1686328314000000000,1686328314000000000
127,66.0,1686328950000000000,1686328950000000000
128,72.0,1686329249000000000,1686329249000000000
129,74.0,1686329357000000000,1686329357000000000
130,74.0,1686329885000000000,1686329885000000000
131,70.0,1686330243000000000,1686330243000000000
132,69.0,1686330688000000000,1686330688000000000
133,74.0,1686331028000000000,1686331028000000000
134,62.0,1686331312000000000,1686331312000000000
135,72.0,1686331515000000000,1686331515000000000
136,70.0,1686331917000000000,1686331917000000000
137,74.0,1686332161000000000,1686332161000000000
138,83.0,1686332574000000000,1686332574000000000
139,71.0,1686332899000000000,1686332899000000000
140,59.0,1686333797000000000,1686333797000000000
141,66.0,1686333998000000000,1686333998000000000
142,68.1997680664063,1686334064000000000,1686334064000000000
143,74.0,1686334251000000000,1686334251000000000
144,116.0,1686334862000000000,1686334862000000000
145,114.0,1686334863000000000,1686334863000000000
146,118.0,1686334868000000000,1686334868000000000
147,117.0,1686334874000000000,1686334874000000000
148,115.0,1686334881000000000,1686334881000000000
149,114.0,1686334885000000000,1686334885000000000
150,113.0,1686334892000000000,1686334892000000000
151,111.0,1686334896000000000,1686334896000000000
152,110.0,1686334898000000000,1686334898000000000
153,112.0,1686334907000000000,1686334907000000000
154,113.0,1686334912000000000,1686334912000000000
155,114.0,1686334913000000000,1686334913000000000
156,111.0,1686334921000000000,1686334921000000000
157,111.0,1686334923000000000,1686334923000000000
158,112.0,1686334932000000000,1686334932000000000
159,113.0,1686334935000000000,1686334935000000000
160,110.0,1686334942000000000,1686334942000000000
161,111.0,1686334943000000000,1686334943000000000
162,114.0,1686334951000000000,1686334951000000000
163,114.0,1686334954000000000,1686334954000000000
164,114.0,1686334959000000000,1686334959000000000
165,114.0,1686334964000000000,1686334964000000000
166,117.0,1686334971000000000,1686334971000000000
167,115.0,1686334977000000000,1686334977000000000
168,116.0,1686334982000000000,1686334982000000000
169,115.0,1686334983000000000,1686334983000000000
170,111.0,1686334992000000000,1686334992000000000
171,112.0,1686334993000000000,1686334993000000000
172,99.0,1686335002000000000,1686335002000000000
173,100.0,1686335005000000000,1686335005000000000
174,101.0,1686335008000000000,1686335008000000000
175,94.0,1686335015000000000,1686335015000000000
176,97.0,1686335022000000000,1686335022000000000
177,96.0,1686335025000000000,1686335025000000000
178,92.0,1686335030000000000,1686335030000000000
179,92.0,1686335033000000000,1686335033000000000
180,96.0,1686335040000000000,1686335040000000000
181,96.0,1686335047000000000,1686335047000000000
182,96.0,1686335050000000000,1686335050000000000
183,96.0,1686335056000000000,1686335056000000000
184,101.0,1686335062000000000,1686335062000000000
185,103.0,1686335065000000000,1686335065000000000
186,105.0,1686335068000000000,1686335068000000000
187,111.0,1686335076000000000,1686335076000000000
188,110.0,1686335078000000000,1686335078000000000
189,110.0,1686335086000000000,1686335086000000000
190,110.0,1686335088000000000,1686335088000000000
191,101.0,1686335097000000000,1686335097000000000
192,102.0,1686335098000000000,1686335098000000000
193,105.0,1686335103000000000,1686335103000000000
194,108.0,1686335112000000000,1686335112000000000
195,108.0,1686335115000000000,1686335115000000000
196,102.0,1686335120000000000,1686335120000000000
197,101.0,1686335123000000000,1686335123000000000
198,105.0,1686335128000000000,1686335128000000000
199,95.0,1686335134000000000,1686335134000000000
200,107.0,1686335142000000000,1686335142000000000
201,106.0,1686335147000000000,1686335147000000000
202,106.0,1686335150000000000,1686335150000000000
203,107.0,1686335154000000000,1686335154000000000
204,110.0,1686335158000000000,1686335158000000000
205,104.0,1686335167000000000,1686335167000000000
206,105.0,1686335169000000000,1686335169000000000
207,106.0,1686335173000000000,1686335173000000000
208,104.0,1686335179000000000,1686335179000000000
209,95.0,1686335532000000000,1686335532000000000
210,81.0,1686382826000000000,1686382826000000000
211,93.0,1686382967000000000,1686382967000000000
212,86.0,1686383109000000000,1686383109000000000
213,95.0,1686383269000000000,1686383269000000000
214,93.0,1686383411000000000,1686383411000000000
215,89.0,1686383435000000000,1686383435000000000
216,91.0,1686383539000000000,1686383539000000000
217,90.0,1686383543000000000,1686383543000000000
218,90.0,1686383547000000000,1686383547000000000
219,87.0,1686383554000000000,1686383554000000000
220,86.0,1686383557000000000,1686383557000000000
221,88.0,1686383563000000000,1686383563000000000
222,86.0,1686383569000000000,1686383569000000000
223,86.0,1686383573000000000,1686383573000000000
224,86.0,1686383575000000000,1686383575000000000
225,81.0,1686383583000000000,1686383583000000000
226,86.0,1686383588000000000,1686383588000000000
227,87.0,1686383590000000000,1686383590000000000
228,85.0,1686383599000000000,1686383599000000000
229,84.0,1686383604000000000,1686383604000000000
230,85.0,1686383609000000000,1686383609000000000
231,85.0,1686383611000000000,1686383611000000000
232,85.0,1686383615000000000,1686383615000000000
233,88.0,1686383624000000000,1686383624000000000
234,88.0,1686383629000000000,1686383629000000000
235,88.0,1686383632000000000,1686383632000000000
236,88.0,1686383635000000000,1686383635000000000
237,90.0,1686383644000000000,1686383644000000000
238,89.0,1686383649000000000,1686383649000000000
239,89.0,1686383651000000000,1686383651000000000
240,88.0,1686383655000000000,1686383655000000000
241,91.0,1686383664000000000,1686383664000000000
242,91.0,1686383665000000000,1686383665000000000
243,90.0,1686383670000000000,1686383670000000000
244,90.0,1686383679000000000,1686383679000000000
245,89.0,1686383684000000000,1686383684000000000
246,89.0,1686383685000000000,1686383685000000000
247,83.0,1686383694000000000,1686383694000000000
248,83.0,1686383698000000000,1686383698000000000
249,83.0,1686383703000000000,1686383703000000000
250,81.0,1686383707000000000,1686383707000000000
251,82.0,1686383710000000000,1686383710000000000
252,85.0,1686383716000000000,1686383716000000000
253,82.0,1686383722000000000,1686383722000000000
254,86.0,1686383728000000000,1686383728000000000
255,86.0,1686383733000000000,1686383733000000000
256,86.0,1686383735000000000,1686383735000000000
257,85.0,1686383740000000000,1686383740000000000
258,79.0,1686383749000000000,1686383749000000000
259,79.0,1686383750000000000,1686383750000000000
260,76.0,1686383757000000000,1686383757000000000
261,81.0,1686383764000000000,1686383764000000000
262,81.0,1686383765000000000,1686383765000000000
263,85.0,1686383770000000000,1686383770000000000
264,86.0,1686383779000000000,1686383779000000000
265,86.0,1686383783000000000,1686383783000000000
266,88.0,1686383785000000000,1686383785000000000
267,92.0,1686383794000000000,1686383794000000000
268,86.0,1686383799000000000,1686383799000000000
269,86.0,1686383802000000000,1686383802000000000
270,88.0,1686383807000000000,1686383807000000000
271,87.0,1686383813000000000,1686383813000000000
272,88.0,1686383818000000000,1686383818000000000
273,89.0,1686383821000000000,1686383821000000000
274,90.0,1686383829000000000,1686383829000000000
275,93.0,1686383834000000000,1686383834000000000
276,93.0,1686383839000000000,1686383839000000000
277,91.0,1686383844000000000,1686383844000000000
278,91.0,1686383845000000000,1686383845000000000
279,83.0,1686383854000000000,1686383854000000000
280,83.0,1686383855000000000,1686383855000000000
281,79.0,1686383864000000000,1686383864000000000
282,79.0,1686383869000000000,1686383869000000000
283,79.0,1686383870000000000,1686383870000000000
284,72.0,1686383879000000000,1686383879000000000
285,72.0,1686383884000000000,1686383884000000000
286,72.0,1686383886000000000,1686383886000000000
287,74.0,1686383894000000000,1686383894000000000
288,74.0,1686383895000000000,1686383895000000000
289,71.0,1686383900000000000,1686383900000000000
290,71.0,1686383906000000000,1686383906000000000
291,74.0,1686383914000000000,1686383914000000000
292,73.0,1686383915000000000,1686383915000000000
293,68.0,1686383924000000000,1686383924000000000
294,69.0,1686383925000000000,1686383925000000000
295,68.0,1686383930000000000,1686383930000000000
296,71.0,1686383936000000000,1686383936000000000
297,66.0,1686383944000000000,1686383944000000000
298,67.0,1686383947000000000,1686383947000000000
299,66.0,1686383951000000000,1686383951000000000
300,65.0,1686383955000000000,1686383955000000000
301,70.0,1686383964000000000,1686383964000000000
302,70.0,1686383965000000000,1686383965000000000
303,73.0,1686383974000000000,1686383974000000000
304,73.0,1686383979000000000,1686383979000000000
305,72.0,1686383981000000000,1686383981000000000
306,70.0,1686383985000000000,1686383985000000000
307,70.0,1686383992000000000,1686383992000000000
308,67.0,1686383999000000000,1686383999000000000
309,68.0,1686384003000000000,1686384003000000000
310,68.0,1686384005000000000,1686384005000000000
311,71.0,1686384014000000000,1686384014000000000
312,71.0,1686384019000000000,1686384019000000000
313,71.0,1686384024000000000,1686384024000000000
314,70.0,1686384025000000000,1686384025000000000
315,70.0,1686384034000000000,1686384034000000000
316,71.0,1686384038000000000,1686384038000000000
317,71.0,1686384043000000000,1686384043000000000
318,71.0,1686384048000000000,1686384048000000000
319,72.0,1686384052000000000,1686384052000000000
320,75.0,1686384055000000000,1686384055000000000
321,89.0,1686384064000000000,1686384064000000000
322,91.0,1686384068000000000,1686384068000000000
323,85.0,1686384074000000000,1686384074000000000
324,85.0,1686384078000000000,1686384078000000000
325,84.0,1686384080000000000,1686384080000000000
326,82.0,1686384089000000000,1686384089000000000
327,82.0,1686384090000000000,1686384090000000000
328,87.0,1686384098000000000,1686384098000000000
329,85.0,1686384104000000000,1686384104000000000
330,85.0,1686384106000000000,1686384106000000000
331,83.0,1686384110000000000,1686384110000000000
332,80.0,1686384116000000000,1686384116000000000
333,71.0,1686384124000000000,1686384124000000000
334,76.0,1686384129000000000,1686384129000000000
335,77.0,1686384134000000000,1686384134000000000
336,77.0,1686384137000000000,1686384137000000000
337,74.0,1686384140000000000,1686384140000000000
338,78.0,1686384149000000000,1686384149000000000
339,78.0,1686384150000000000,1686384150000000000
340,75.0,1686384158000000000,1686384158000000000
341,78.0,1686384160000000000,1686384160000000000
342,71.0,1686384169000000000,1686384169000000000
343,72.0,1686384171000000000,1686384171000000000
344,70.0,1686384206000000000,1686384206000000000
345,77.0,1686384294000000000,1686384294000000000
346,94.0,1686384451000000000,1686384451000000000
347,109.0,1686384628000000000,1686384628000000000
348,75.0,1686384722000000000,1686384722000000000
349,71.0,1686385073000000000,1686385073000000000
350,70.0,1686385256000000000,1686385256000000000
351,67.776725769043,1686385452000000000,1686385452000000000
352,71.0,1686385477000000000,1686385477000000000
353,73.0,1686385937000000000,1686385937000000000
354,71.0,1686386307000000000,1686386307000000000
355,67.0,1686386416000000000,1686386416000000000
356,68.0,1686386881000000000,1686386881000000000
357,64.0,1686387060000000000,1686387060000000000
358,78.0,1686387354000000000,1686387354000000000
359,75.0,1686387715000000000,1686387715000000000
360,85.0,1686387817000000000,1686387817000000000
361,82.0,1686387822000000000,1686387822000000000
362,82.0,1686387827000000000,1686387827000000000
363,82.0,1686387829000000000,1686387829000000000
364,80.0,1686387833000000000,1686387833000000000
365,78.0,1686387842000000000,1686387842000000000
366,78.0,1686387843000000000,1686387843000000000
367,77.0,1686387848000000000,1686387848000000000
368,82.0,1686387857000000000,1686387857000000000
369,82.0,1686387859000000000,1686387859000000000
370,88.0,1686387863000000000,1686387863000000000
371,97.0,1686387869000000000,1686387869000000000
372,98.0,1686387877000000000,1686387877000000000
373,102.0,1686387882000000000,1686387882000000000
374,102.0,1686387885000000000,1686387885000000000
375,103.0,1686387888000000000,1686387888000000000
376,96.0,1686387897000000000,1686387897000000000
377,97.0,1686387902000000000,1686387902000000000
378,105.0,1686387907000000000,1686387907000000000
379,68.0,1686388000000000000,1686388000000000000
380,92.0,1686388299000000000,1686388299000000000
381,71.0,1686388355000000000,1686388355000000000
382,58.0,1686388463000000000,1686388463000000000
383,72.0,1686388606000000000,1686388606000000000
384,74.0,1686388611000000000,1686388611000000000
385,76.0,1686388616000000000,1686388616000000000
386,76.0,1686388620000000000,1686388620000000000
387,79.0,1686388626000000000,1686388626000000000
388,79.0,1686388627000000000,1686388627000000000
389,80.0,1686388636000000000,1686388636000000000
390,80.0,1686388637000000000,1686388637000000000
391,83.0,1686388646000000000,1686388646000000000
392,84.0,1686388647000000000,1686388647000000000
393,84.0,1686388678000000000,1686388678000000000
394,82.0,1686388682000000000,1686388682000000000
395,76.0,1686388688000000000,1686388688000000000
396,76.0,1686388691000000000,1686388691000000000
397,81.0,1686388698000000000,1686388698000000000
398,80.0,1686388699000000000,1686388699000000000
399,77.0,1686388708000000000,1686388708000000000
400,77.0,1686388709000000000,1686388709000000000
401,82.0,1686388715000000000,1686388715000000000
402,94.0,1686388720000000000,1686388720000000000
403,112.0,1686388728000000000,1686388728000000000
404,109.0,1686388732000000000,1686388732000000000
405,108.0,1686388734000000000,1686388734000000000
406,98.0,1686388742000000000,1686388742000000000
407,100.0,1686388748000000000,1686388748000000000
408,98.0,1686388753000000000,1686388753000000000
409,98.0,1686388754000000000,1686388754000000000
410,102.0,1686388760000000000,1686388760000000000
411,90.0,1686388768000000000,1686388768000000000
412,88.0,1686388770000000000,1686388770000000000
413,74.0,1686388778000000000,1686388778000000000
414,76.0,1686388782000000000,1686388782000000000
415,74.0,1686388788000000000,1686388788000000000
416,77.0,1686388793000000000,1686388793000000000
417,78.0,1686388795000000000,1686388795000000000
418,79.0,1686388799000000000,1686388799000000000
419,78.0,1686388804000000000,1686388804000000000
420,77.0,1686388813000000000,1686388813000000000
421,77.0,1686388818000000000,1686388818000000000
422,77.0,1686388820000000000,1686388820000000000
423,78.0,1686388827000000000,1686388827000000000
424,78.0,1686388829000000000,1686388829000000000
425,86.0,1686388838000000000,1686388838000000000
426,85.0,1686388839000000000,1686388839000000000
427,84.0,1686388848000000000,1686388848000000000
428,83.0,1686388852000000000,1686388852000000000
429,91.0,1686388857000000000,1686388857000000000
430,100.0,1686388862000000000,1686388862000000000
431,107.0,1686388868000000000,1686388868000000000
432,107.0,1686388873000000000,1686388873000000000
433,109.0,1686388878000000000,1686388878000000000
434,111.0,1686388881000000000,1686388881000000000
435,110.0,1686388887000000000,1686388887000000000
436,109.0,1686388890000000000,1686388890000000000
437,114.0,1686388898000000000,1686388898000000000
438,115.0,1686388899000000000,1686388899000000000
439,123.0,1686388908000000000,1686388908000000000
440,122.0,1686388910000000000,1686388910000000000
441,120.0,1686388915000000000,1686388915000000000
442,123.0,1686388921000000000,1686388921000000000
443,123.0,1686388927000000000,1686388927000000000
444,124.0,1686388931000000000,1686388931000000000
445,124.0,1686388934000000000,1686388934000000000
446,121.0,1686388943000000000,1686388943000000000
447,120.0,1686388945000000000,1686388945000000000
448,116.0,1686388951000000000,1686388951000000000
449,115.0,1686388956000000000,1686388956000000000
450,111.0,1686388963000000000,1686388963000000000
451,115.0,1686388968000000000,1686388968000000000
452,116.0,1686388969000000000,1686388969000000000
453,120.0,1686388974000000000,1686388974000000000
454,117.0,1686388982000000000,1686388982000000000
455,114.0,1686388987000000000,1686388987000000000
456,113.0,1686388991000000000,1686388991000000000
457,112.0,1686388998000000000,1686388998000000000
458,113.0,1686388999000000000,1686388999000000000
459,118.0,1686389008000000000,1686389008000000000
460,117.0,1686389010000000000,1686389010000000000
461,111.0,1686389018000000000,1686389018000000000
462,111.0,1686389023000000000,1686389023000000000
463,112.0,1686389025000000000,1686389025000000000
464,115.0,1686389032000000000,1686389032000000000
465,115.0,1686389036000000000,1686389036000000000
466,113.0,1686389043000000000,1686389043000000000
467,112.0,1686389044000000000,1686389044000000000
468,100.0,1686389053000000000,1686389053000000000
469,100.0,1686389057000000000,1686389057000000000
470,101.0,1686389059000000000,1686389059000000000
471,102.0,1686389065000000000,1686389065000000000
472,105.0,1686389072000000000,1686389072000000000
473,105.0,1686389074000000000,1686389074000000000
474,97.0,1686389082000000000,1686389082000000000
475,97.0,1686389088000000000,1686389088000000000
476,97.0,1686389092000000000,1686389092000000000
477,94.0,1686389098000000000,1686389098000000000
478,94.0,1686389099000000000,1686389099000000000
479,101.0,1686389108000000000,1686389108000000000
480,100.0,1686389110000000000,1686389110000000000
481,95.0,1686389115000000000,1686389115000000000
482,96.0,1686389119000000000,1686389119000000000
483,90.0,1686389128000000000,1686389128000000000
484,91.0,1686389133000000000,1686389133000000000
485,91.0,1686389138000000000,1686389138000000000
486,91.0,1686389139000000000,1686389139000000000
487,93.0,1686389147000000000,1686389147000000000
488,95.0,1686389149000000000,1686389149000000000
489,103.0,1686389155000000000,1686389155000000000
490,92.0,1686389163000000000,1686389163000000000
491,90.0,1686389167000000000,1686389167000000000
492,91.0,1686389171000000000,1686389171000000000
493,89.0,1686389175000000000,1686389175000000000
494,84.0,1686389183000000000,1686389183000000000
495,84.0,1686389185000000000,1686389185000000000
496,82.0,1686389191000000000,1686389191000000000
497,84.0,1686389198000000000,1686389198000000000
498,81.0,1686389203000000000,1686389203000000000
499,83.0,1686389207000000000,1686389207000000000
500,82.0,1686389209000000000,1686389209000000000
501,82.0,1686389217000000000,1686389217000000000
502,81.0,1686389220000000000,1686389220000000000
503,83.0,1686389225000000000,1686389225000000000
504,81.0,1686389233000000000,1686389233000000000
505,82.0,1686389236000000000,1686389236000000000
506,83.0,1686389239000000000,1686389239000000000
507,89.0,1686389248000000000,1686389248000000000
508,89.0,1686389252000000000,1686389252000000000
509,90.0,1686389254000000000,1686389254000000000
510,87.0,1686389261000000000,1686389261000000000
511,88.0,1686389264000000000,1686389264000000000
512,77.0,1686389273000000000,1686389273000000000
513,80.0,1686389278000000000,1686389278000000000
514,80.0,1686389279000000000,1686389279000000000
515,76.0,1686389288000000000,1686389288000000000
516,76.0,1686389289000000000,1686389289000000000
517,75.0,1686389296000000000,1686389296000000000
518,79.0,1686389301000000000,1686389301000000000
519,71.0,1686389308000000000,1686389308000000000
520,72.0,1686389313000000000,1686389313000000000
521,72.0,1686389318000000000,1686389318000000000
522,72.0,1686389319000000000,1686389319000000000
523,74.0,1686389324000000000,1686389324000000000
524,79.0,1686389333000000000,1686389333000000000
525,82.0,1686389338000000000,1686389338000000000
526,83.0,1686389340000000000,1686389340000000000
527,88.0,1686389348000000000,1686389348000000000
528,88.0,1686389351000000000,1686389351000000000
529,87.0,1686389354000000000,1686389354000000000
530,86.0,1686389359000000000,1686389359000000000
531,81.0,1686389368000000000,1686389368000000000
532,82.0,1686389373000000000,1686389373000000000
533,82.0,1686389375000000000,1686389375000000000
534,83.0,1686389379000000000,1686389379000000000
535,79.0,1686389384000000000,1686389384000000000
536,81.0,1686389389000000000,1686389389000000000
537,78.0,1686389396000000000,1686389396000000000
538,83.0,1686389401000000000,1686389401000000000
539,77.0,1686389406000000000,1686389406000000000
540,80.0,1686389413000000000,1686389413000000000
541,79.0,1686389416000000000,1686389416000000000
542,77.0,1686389423000000000,1686389423000000000
543,77.0,1686389424000000000,1686389424000000000
544,78.0,1686389429000000000,1686389429000000000
545,82.0,1686389435000000000,1686389435000000000
546,81.0,1686389439000000000,1686389439000000000
547,86.0,1686389445000000000,1686389445000000000
548,87.0,1686389452000000000,1686389452000000000
549,90.0,1686389458000000000,1686389458000000000
550,90.0,1686389459000000000,1686389459000000000
551,82.0,1686389468000000000,1686389468000000000
552,85.0,1686389472000000000,1686389472000000000
553,86.0,1686389475000000000,1686389475000000000
554,79.0,1686389483000000000,1686389483000000000
555,79.0,1686389487000000000,1686389487000000000
556,82.0,1686389493000000000,1686389493000000000
557,83.0,1686389494000000000,1686389494000000000
558,85.0,1686389501000000000,1686389501000000000
559,86.0,1686389504000000000,1686389504000000000
560,89.0,1686389513000000000,1686389513000000000
561,87.0,1686389518000000000,1686389518000000000
562,87.0,1686389521000000000,1686389521000000000
563,88.0,1686389524000000000,1686389524000000000
564,98.0,1686389533000000000,1686389533000000000
565,100.0,1686389537000000000,1686389537000000000
566,99.0,1686389539000000000,1686389539000000000
567,97.0,1686389544000000000,1686389544000000000
568,93.0,1686389553000000000,1686389553000000000
569,92.0,1686389555000000000,1686389555000000000
570,93.0,1686389559000000000,1686389559000000000
571,103.0,1686389565000000000,1686389565000000000
572,99.0,1686389569000000000,1686389569000000000
573,91.0,1686389578000000000,1686389578000000000
574,92.0,1686389579000000000,1686389579000000000
575,82.0,1686389588000000000,1686389588000000000
576,81.0,1686389591000000000,1686389591000000000
577,84.0,1686389594000000000,1686389594000000000
578,87.0,1686389603000000000,1686389603000000000
579,88.0,1686389605000000000,1686389605000000000
580,98.0,1686389613000000000,1686389613000000000
581,102.0,1686389618000000000,1686389618000000000
582,103.0,1686389619000000000,1686389619000000000
583,106.0,1686389626000000000,1686389626000000000
584,107.0,1686389630000000000,1686389630000000000
585,110.0,1686389634000000000,1686389634000000000
586,110.0,1686389640000000000,1686389640000000000
587,106.0,1686389648000000000,1686389648000000000
588,106.0,1686389649000000000,1686389649000000000
589,109.0,1686389654000000000,1686389654000000000
590,111.0,1686389659000000000,1686389659000000000
591,101.0,1686389668000000000,1686389668000000000
592,100.0,1686389669000000000,1686389669000000000
593,95.0,1686389677000000000,1686389677000000000
594,97.0,1686389680000000000,1686389680000000000
595,96.0,1686389687000000000,1686389687000000000
596,103.0,1686389693000000000,1686389693000000000
597,109.0,1686389698000000000,1686389698000000000
598,109.0,1686389699000000000,1686389699000000000
599,108.0,1686389707000000000,1686389707000000000
600,114.0,1686389712000000000,1686389712000000000
601,114.0,1686389717000000000,1686389717000000000
602,116.0,1686389720000000000,1686389720000000000
603,120.0,1686389725000000000,1686389725000000000
604,121.0,1686389732000000000,1686389732000000000
605,122.0,1686389738000000000,1686389738000000000
606,122.0,1686389739000000000,1686389739000000000
607,119.0,1686389747000000000,1686389747000000000
608,116.0,1686389750000000000,1686389750000000000
609,108.0,1686389756000000000,1686389756000000000
610,100.0,1686389763000000000,1686389763000000000
611,102.0,1686389768000000000,1686389768000000000
612,102.0,1686389773000000000,1686389773000000000
613,103.0,1686389774000000000,1686389774000000000
614,94.0,1686389781000000000,1686389781000000000
615,90.0,1686389786000000000,1686389786000000000
616,92.0,1686389790000000000,1686389790000000000
617,87.0,1686389797000000000,1686389797000000000
618,91.0,1686389801000000000,1686389801000000000
619,84.0,1686389808000000000,1686389808000000000
620,86.0,1686389813000000000,1686389813000000000
621,85.0,1686389818000000000,1686389818000000000
622,86.0,1686389819000000000,1686389819000000000
623,81.0,1686389828000000000,1686389828000000000
624,80.0,1686389832000000000,1686389832000000000
625,81.0,1686389834000000000,1686389834000000000
626,81.0,1686389843000000000,1686389843000000000
627,80.0,1686389845000000000,1686389845000000000
628,81.0,1686389853000000000,1686389853000000000
629,80.0,1686389858000000000,1686389858000000000
630,80.0,1686389860000000000,1686389860000000000
631,81.0,1686389864000000000,1686389864000000000
632,86.0,1686389873000000000,1686389873000000000
633,84.0,1686389878000000000,1686389878000000000
634,84.0,1686389883000000000,1686389883000000000
635,85.0,1686389886000000000,1686389886000000000
636,88.0,1686389892000000000,1686389892000000000
637,86.0,1686389895000000000,1686389895000000000
638,88.0,1686389901000000000,1686389901000000000
639,91.0,1686389904000000000,1686389904000000000
640,96.0,1686389913000000000,1686389913000000000
641,92.0,1686389918000000000,1686389918000000000
642,89.0,1686389921000000000,1686389921000000000
643,89.0,1686389925000000000,1686389925000000000
644,82.0,1686389933000000000,1686389933000000000
645,82.0,1686389935000000000,1686389935000000000
646,81.0,1686389943000000000,1686389943000000000
647,80.0,1686389944000000000,1686389944000000000
648,84.0,1686389949000000000,1686389949000000000
649,84.0,1686389954000000000,1686389954000000000
650,89.0,1686389961000000000,1686389961000000000
651,82.0,1686389968000000000,1686389968000000000
652,83.0,1686389969000000000,1686389969000000000
653,85.0,1686389975000000000,1686389975000000000
654,84.0,1686389979000000000,1686389979000000000
655,87.0,1686389984000000000,1686389984000000000
656,88.0,1686389993000000000,1686389993000000000
657,89.0,1686389997000000000,1686389997000000000
658,86.0,1686390003000000000,1686390003000000000
659,87.0,1686390008000000000,1686390008000000000
660,87.0,1686390011000000000,1686390011000000000
661,86.0,1686390014000000000,1686390014000000000
662,88.0,1686390019000000000,1686390019000000000
663,91.0,1686390025000000000,1686390025000000000
664,90.0,1686390029000000000,1686390029000000000
665,89.0,1686390038000000000,1686390038000000000
666,85.0,1686390043000000000,1686390043000000000
667,82.0,1686390048000000000,1686390048000000000
668,82.0,1686390051000000000,1686390051000000000
669,77.0,1686390058000000000,1686390058000000000
670,77.0,1686390059000000000,1686390059000000000
671,82.0,1686390066000000000,1686390066000000000
672,84.0,1686390069000000000,1686390069000000000
673,85.0,1686390075000000000,1686390075000000000
674,81.0,1686390082000000000,1686390082000000000
675,79.0,1686390086000000000,1686390086000000000
676,79.0,1686390089000000000,1686390089000000000
677,81.0,1686390097000000000,1686390097000000000
678,75.0,1686390103000000000,1686390103000000000
679,75.0,1686390105000000000,1686390105000000000
680,73.0,1686390113000000000,1686390113000000000
681,71.0,1686390118000000000,1686390118000000000
682,71.0,1686390123000000000,1686390123000000000
683,72.0,1686390124000000000,1686390124000000000
684,68.0,1686390133000000000,1686390133000000000
685,68.0,1686390134000000000,1686390134000000000
686,71.0,1686390143000000000,1686390143000000000
687,70.0,1686390144000000000,1686390144000000000
688,71.0,1686390151000000000,1686390151000000000
689,65.0,1686390158000000000,1686390158000000000
690,67.0,1686390163000000000,1686390163000000000
691,69.0,1686390166000000000,1686390166000000000
692,68.0,1686390172000000000,1686390172000000000
693,68.0,1686390178000000000,1686390178000000000
694,68.0,1686390182000000000,1686390182000000000
695,68.0,1686390184000000000,1686390184000000000
696,67.0,1686390190000000000,1686390190000000000
697,70.0,1686390198000000000,1686390198000000000
698,70.0,1686390199000000000,1686390199000000000
699,67.0,1686390208000000000,1686390208000000000
700,66.0,1686390212000000000,1686390212000000000
701,66.0,1686390215000000000,1686390215000000000
702,69.0,1686390223000000000,1686390223000000000
703,69.0,1686390224000000000,1686390224000000000
704,73.0,1686390231000000000,1686390231000000000
705,69.0,1686390237000000000,1686390237000000000
706,68.0,1686390243000000000,1686390243000000000
707,69.0,1686390246000000000,1686390246000000000
708,68.0,1686390251000000000,1686390251000000000
709,66.0,1686390257000000000,1686390257000000000
710,67.0,1686390260000000000,1686390260000000000
711,70.0,1686390265000000000,1686390265000000000
712,70.0,1686390270000000000,1686390270000000000
713,70.0,1686390274000000000,1686390274000000000
714,69.0,1686390281000000000,1686390281000000000
715,70.0,1686390286000000000,1686390286000000000
716,70.0,1686390293000000000,1686390293000000000
717,69.0,1686390294000000000,1686390294000000000
718,63.0,1686390303000000000,1686390303000000000
719,63.0,1686390305000000000,1686390305000000000
720,64.0,1686390309000000000,1686390309000000000
721,63.0,1686390317000000000,1686390317000000000
722,64.0,1686390319000000000,1686390319000000000
723,74.0,1686390328000000000,1686390328000000000
724,75.0,1686390332000000000,1686390332000000000
725,76.0,1686390338000000000,1686390338000000000
726,75.0,1686390340000000000,1686390340000000000
727,71.0,1686390347000000000,1686390347000000000
728,70.0,1686390350000000000,1686390350000000000
729,67.0,1686390358000000000,1686390358000000000
730,67.0,1686390359000000000,1686390359000000000
731,66.0,1686390365000000000,1686390365000000000
732,69.0,1686390371000000000,1686390371000000000
733,67.0,1686390374000000000,1686390374000000000
734,64.0,1686390383000000000,1686390383000000000
735,64.0,1686390385000000000,1686390385000000000
736,65.0,1686390393000000000,1686390393000000000
737,67.0,1686390398000000000,1686390398000000000
738,67.0,1686390399000000000,1686390399000000000
739,66.0,1686390404000000000,1686390404000000000
740,64.0,1686390413000000000,1686390413000000000
741,65.0,1686390416000000000,1686390416000000000
742,67.0,1686390420000000000,1686390420000000000
743,68.0,1686390427000000000,1686390427000000000
744,68.0,1686390432000000000,1686390432000000000
745,68.0,1686390436000000000,1686390436000000000
746,66.0,1686390443000000000,1686390443000000000
747,65.0,1686390444000000000,1686390444000000000
748,67.0,1686390449000000000,1686390449000000000
749,69.0,1686390456000000000,1686390456000000000
750,70.0,1686390463000000000,1686390463000000000
751,71.0,1686390467000000000,1686390467000000000
752,69.0,1686390473000000000,1686390473000000000
753,69.0,1686390474000000000,1686390474000000000
754,74.0,1686390481000000000,1686390481000000000
755,71.0,1686390487000000000,1686390487000000000
756,71.0,1686390491000000000,1686390491000000000
757,71.0,1686390494000000000,1686390494000000000
758,70.0,1686390499000000000,1686390499000000000
759,66.0,1686390508000000000,1686390508000000000
760,66.0,1686390513000000000,1686390513000000000
761,66.0,1686390515000000000,1686390515000000000
762,65.0,1686390523000000000,1686390523000000000
763,66.0,1686390527000000000,1686390527000000000
764,66.0,1686390533000000000,1686390533000000000
765,66.0,1686390534000000000,1686390534000000000
766,67.0,1686390539000000000,1686390539000000000
767,77.0,1686390548000000000,1686390548000000000
768,78.0,1686390549000000000,1686390549000000000
769,89.0,1686390558000000000,1686390558000000000
770,89.0,1686390560000000000,1686390560000000000
771,81.0,1686390564000000000,1686390564000000000
772,72.0,1686390573000000000,1686390573000000000
773,70.0,1686390578000000000,1686390578000000000
774,70.0,1686390579000000000,1686390579000000000
775,71.0,1686390587000000000,1686390587000000000
776,77.0,1686390593000000000,1686390593000000000
777,78.0,1686390598000000000,1686390598000000000
778,80.0,1686390603000000000,1686390603000000000
779,80.0,1686390604000000000,1686390604000000000
780,87.0,1686390613000000000,1686390613000000000
781,90.0,1686390618000000000,1686390618000000000
782,91.0,1686390621000000000,1686390621000000000
783,89.0,1686390624000000000,1686390624000000000
784,85.0,1686390633000000000,1686390633000000000
785,85.0,1686390634000000000,1686390634000000000
786,84.0,1686390639000000000,1686390639000000000
787,85.0,1686390644000000000,1686390644000000000
788,79.0,1686390652000000000,1686390652000000000
789,77.0,1686390658000000000,1686390658000000000
790,79.0,1686390663000000000,1686390663000000000
791,80.0,1686390664000000000,1686390664000000000
792,77.0,1686390673000000000,1686390673000000000
793,78.0,1686390674000000000,1686390674000000000
794,87.0,1686390683000000000,1686390683000000000
795,90.0,1686390688000000000,1686390688000000000
796,92.0,1686390693000000000,1686390693000000000
797,92.0,1686390694000000000,1686390694000000000
798,92.0,1686390699000000000,1686390699000000000
799,91.0,1686390704000000000,1686390704000000000
800,93.0,1686390710000000000,1686390710000000000
801,93.0,1686390714000000000,1686390714000000000
802,94.0,1686390722000000000,1686390722000000000
803,94.0,1686390724000000000,1686390724000000000
804,92.0,1686390733000000000,1686390733000000000
805,91.0,1686390736000000000,1686390736000000000
806,89.0,1686390742000000000,1686390742000000000
807,89.0,1686390744000000000,1686390744000000000
808,88.0,1686390751000000000,1686390751000000000
809,84.0,1686390757000000000,1686390757000000000
810,84.0,1686390759000000000,1686390759000000000
811,84.0,1686390764000000000,1686390764000000000
812,86.0,1686390773000000000,1686390773000000000
813,89.0,1686390778000000000,1686390778000000000
814,88.0,1686390780000000000,1686390780000000000
815,88.0,1686390787000000000,1686390787000000000
816,86.0,1686390790000000000,1686390790000000000
817,84.0,1686390794000000000,1686390794000000000
818,94.0,1686390799000000000,1686390799000000000
819,119.0,1686390813000000000,1686390813000000000
820,130.0,1686390818000000000,1686390818000000000
821,130.0,1686390820000000000,1686390820000000000
822,129.0,1686390826000000000,1686390826000000000
823,129.0,1686390830000000000,1686390830000000000
824,132.0,1686390834000000000,1686390834000000000
825,135.0,1686390843000000000,1686390843000000000
826,137.0,1686390847000000000,1686390847000000000
827,138.0,1686390851000000000,1686390851000000000
828,142.0,1686390854000000000,1686390854000000000
829,142.0,1686390860000000000,1686390860000000000
830,144.0,1686390865000000000,1686390865000000000
831,145.0,1686390872000000000,1686390872000000000
832,146.0,1686390874000000000,1686390874000000000
833,146.0,1686390879000000000,1686390879000000000
834,146.0,1686390885000000000,1686390885000000000
835,146.0,1686390889000000000,1686390889000000000
836,147.0,1686390897000000000,1686390897000000000
837,151.0,1686390903000000000,1686390903000000000
838,154.0,1686390908000000000,1686390908000000000
839,154.0,1686390909000000000,1686390909000000000
840,154.0,1686390917000000000,1686390917000000000
841,158.0,1686390922000000000,1686390922000000000
842,158.0,1686390924000000000,1686390924000000000
843,159.0,1686390929000000000,1686390929000000000
844,158.0,1686390936000000000,1686390936000000000
845,159.0,1686390943000000000,1686390943000000000
846,160.0,1686390944000000000,1686390944000000000
847,160.0,1686390950000000000,1686390950000000000
848,158.0,1686390958000000000,1686390958000000000
849,160.0,1686390963000000000,1686390963000000000
850,159.0,1686390968000000000,1686390968000000000
851,159.0,1686390973000000000,1686390973000000000
852,160.0,1686390974000000000,1686390974000000000
853,159.0,1686390982000000000,1686390982000000000
854,159.0,1686390984000000000,1686390984000000000
855,158.0,1686390991000000000,1686390991000000000
856,158.0,1686390997000000000,1686390997000000000
857,158.0,1686390999000000000,1686390999000000000
858,159.0,1686391007000000000,1686391007000000000
859,160.0,1686391013000000000,1686391013000000000
860,160.0,1686391015000000000,1686391015000000000
861,162.0,1686391023000000000,1686391023000000000
862,163.0,1686391026000000000,1686391026000000000
863,163.0,1686391031000000000,1686391031000000000
864,163.0,1686391038000000000,1686391038000000000
865,163.0,1686391040000000000,1686391040000000000
866,163.0,1686391044000000000,1686391044000000000
867,163.0,1686391051000000000,1686391051000000000
868,163.0,1686391054000000000,1686391054000000000
869,162.0,1686391060000000000,1686391060000000000
870,163.0,1686391064000000000,1686391064000000000
871,163.0,1686391073000000000,1686391073000000000
872,164.0,1686391078000000000,1686391078000000000
873,164.0,1686391080000000000,1686391080000000000
874,165.0,1686391086000000000,1686391086000000000
875,167.0,1686391093000000000,1686391093000000000
876,166.0,1686391096000000000,1686391096000000000
877,166.0,1686391100000000000,1686391100000000000
878,165.0,1686391104000000000,1686391104000000000
879,164.0,1686391112000000000,1686391112000000000
880,164.0,1686391114000000000,1686391114000000000
881,165.0,1686391123000000000,1686391123000000000
882,165.0,1686391124000000000,1686391124000000000
883,165.0,1686391131000000000,1686391131000000000
884,165.0,1686391135000000000,1686391135000000000
885,164.0,1686391140000000000,1686391140000000000
886,165.0,1686391147000000000,1686391147000000000
887,164.0,1686391151000000000,1686391151000000000
888,163.0,1686391157000000000,1686391157000000000
889,163.0,1686391159000000000,1686391159000000000
890,165.0,1686391164000000000,1686391164000000000
891,165.0,1686391170000000000,1686391170000000000
892,166.0,1686391176000000000,1686391176000000000
893,166.0,1686391181000000000,1686391181000000000
894,165.0,1686391185000000000,1686391185000000000
895,165.0,1686391193000000000,1686391193000000000
896,166.0,1686391196000000000,1686391196000000000
897,166.0,1686391202000000000,1686391202000000000
898,166.0,1686391208000000000,1686391208000000000
899,166.0,1686391209000000000,1686391209000000000
900,166.0,1686391218000000000,1686391218000000000
901,166.0,1686391219000000000,1686391219000000000
902,166.0,1686391227000000000,1686391227000000000
903,166.0,1686391233000000000,1686391233000000000
904,165.0,1686391238000000000,1686391238000000000
905,166.0,1686391240000000000,1686391240000000000
906,165.0,1686391246000000000,1686391246000000000
907,166.0,1686391253000000000,1686391253000000000
908,166.0,1686391256000000000,1686391256000000000
909,167.0,1686391261000000000,1686391261000000000
910,164.0,1686391265000000000,1686391265000000000
911,159.0,1686391269000000000,1686391269000000000
912,158.0,1686391275000000000,1686391275000000000
913,159.0,1686391280000000000,1686391280000000000
914,157.0,1686391285000000000,1686391285000000000
915,151.0,1686391293000000000,1686391293000000000
916,150.0,1686391295000000000,1686391295000000000
917,149.0,1686391299000000000,1686391299000000000
918,145.0,1686391308000000000,1686391308000000000
919,145.0,1686391309000000000,1686391309000000000
920,140.0,1686391314000000000,1686391314000000000
921,133.0,1686391323000000000,1686391323000000000
922,135.0,1686391326000000000,1686391326000000000
923,129.0,1686391333000000000,1686391333000000000
924,129.0,1686391334000000000,1686391334000000000
925,136.0,1686391341000000000,1686391341000000000
926,138.0,1686391344000000000,1686391344000000000
927,122.0,1686391353000000000,1686391353000000000
928,122.0,1686391356000000000,1686391356000000000
929,119.0,1686391362000000000,1686391362000000000
930,111.0,1686391367000000000,1686391367000000000
931,107.0,1686391372000000000,1686391372000000000
932,108.0,1686391375000000000,1686391375000000000
933,102.0,1686391383000000000,1686391383000000000
934,99.0,1686391388000000000,1686391388000000000
935,100.0,1686391390000000000,1686391390000000000
936,100.0,1686391394000000000,1686391394000000000
937,97.0,1686391399000000000,1686391399000000000
938,91.0,1686391407000000000,1686391407000000000
939,93.0,1686391413000000000,1686391413000000000
940,92.0,1686391416000000000,1686391416000000000
941,93.0,1686391423000000000,1686391423000000000
942,92.0,1686391425000000000,1686391425000000000
943,91.0,1686391429000000000,1686391429000000000
944,89.0,1686391437000000000,1686391437000000000
945,92.0,1686391443000000000,1686391443000000000
946,91.0,1686391445000000000,1686391445000000000
947,89.0,1686391452000000000,1686391452000000000
948,89.0,1686391454000000000,1686391454000000000
949,91.0,1686391460000000000,1686391460000000000
950,88.0,1686391467000000000,1686391467000000000
951,88.0,1686391470000000000,1686391470000000000
952,90.0,1686391475000000000,1686391475000000000
953,92.0,1686391479000000000,1686391479000000000
954,89.0,1686391484000000000,1686391484000000000
955,102.0,1686391493000000000,1686391493000000000
956,102.0,1686391497000000000,1686391497000000000
957,100.0,1686391500000000000,1686391500000000000
958,104.0,1686391508000000000,1686391508000000000
959,101.0,1686391513000000000,1686391513000000000
960,100.0,1686391514000000000,1686391514000000000
961,103.0,1686391522000000000,1686391522000000000
962,97.0,1686391528000000000,1686391528000000000
963,96.0,1686391529000000000,1686391529000000000
964,91.0,1686391537000000000,1686391537000000000
965,90.0,1686391539000000000,1686391539000000000
966,100.0,1686391547000000000,1686391547000000000
967,98.0,1686391553000000000,1686391553000000000
968,98.0,1686391555000000000,1686391555000000000
969,99.0,1686391563000000000,1686391563000000000
970,98.0,1686391564000000000,1686391564000000000
971,97.0,1686391569000000000,1686391569000000000
972,102.0,1686391575000000000,1686391575000000000
973,100.0,1686391580000000000,1686391580000000000
974,104.0,1686391584000000000,1686391584000000000
975,98.0,1686391589000000000,1686391589000000000
976,96.0,1686391598000000000,1686391598000000000
977,95.0,1686391599000000000,1686391599000000000
978,95.0,1686391608000000000,1686391608000000000
979,96.0,1686391613000000000,1686391613000000000
980,96.0,1686391614000000000,1686391614000000000
981,96.0,1686391623000000000,1686391623000000000
982,94.0,1686391626000000000,1686391626000000000
983,93.0,1686391629000000000,1686391629000000000
984,97.0,1686391634000000000,1686391634000000000
985,97.0,1686391643000000000,1686391643000000000
986,97.0,1686391648000000000,1686391648000000000
987,96.0,1686391653000000000,1686391653000000000
988,96.0,1686391658000000000,1686391658000000000
989,97.0,1686391659000000000,1686391659000000000
990,99.0,1686391664000000000,1686391664000000000
991,95.0,1686391672000000000,1686391672000000000
992,99.0,1686391677000000000,1686391677000000000
993,109.0,1686391683000000000,1686391683000000000
994,118.0,1686391688000000000,1686391688000000000
995,121.0,1686391692000000000,1686391692000000000
996,123.0,1686391695000000000,1686391695000000000
997,127.0,1686391703000000000,1686391703000000000
998,127.0,1686391707000000000,1686391707000000000
999,127.0,1686391711000000000,1686391711000000000
1000,127.0,1686391714000000000,1686391714000000000
1001,122.0,1686391722000000000,1686391722000000000
1002,122.0,1686391725000000000,1686391725000000000
1003,125.0,1686391732000000000,1686391732000000000
1004,128.0,1686391734000000000,1686391734000000000
1005,130.0,1686391739000000000,1686391739000000000
1006,134.0,1686391746000000000,1686391746000000000
1007,135.0,1686391750000000000,1686391750000000000
1008,135.0,1686391757000000000,1686391757000000000
1009,133.0,1686391761000000000,1686391761000000000
1010,132.0,1686391768000000000,1686391768000000000
1011,133.0,1686391771000000000,1686391771000000000
1012,139.0,1686391778000000000,1686391778000000000
1013,141.0,1686391783000000000,1686391783000000000
1014,143.0,1686391788000000000,1686391788000000000
1015,142.0,1686391792000000000,1686391792000000000
1016,142.0,1686391796000000000,1686391796000000000
1017,142.0,1686391799000000000,1686391799000000000
1018,142.0,1686391807000000000,1686391807000000000
1019,142.0,1686391810000000000,1686391810000000000
1020,142.0,1686391817000000000,1686391817000000000
1021,143.0,1686391819000000000,1686391819000000000
1022,143.0,1686391826000000000,1686391826000000000
1023,144.0,1686391832000000000,1686391832000000000
1024,143.0,1686391838000000000,1686391838000000000
1025,143.0,1686391839000000000,1686391839000000000
1026,142.0,1686391848000000000,1686391848000000000
1027,141.0,1686391849000000000,1686391849000000000
1028,139.0,1686391854000000000,1686391854000000000
1029,141.0,1686391863000000000,1686391863000000000
1030,141.0,1686391865000000000,1686391865000000000
1031,140.0,1686391872000000000,1686391872000000000
1032,137.0,1686391877000000000,1686391877000000000
1033,138.0,1686391881000000000,1686391881000000000
1034,139.0,1686391884000000000,1686391884000000000
1035,138.0,1686391892000000000,1686391892000000000
1036,139.0,1686391895000000000,1686391895000000000
1037,136.0,1686391902000000000,1686391902000000000
1038,141.0,1686391908000000000,1686391908000000000
1039,139.0,1686391911000000000,1686391911000000000
1040,139.0,1686391915000000000,1686391915000000000
1041,139.0,1686391921000000000,1686391921000000000
1042,136.0,1686391928000000000,1686391928000000000
1043,136.0,1686391930000000000,1686391930000000000
1044,138.0,1686391938000000000,1686391938000000000
1045,138.0,1686391939000000000,1686391939000000000
1046,138.0,1686391944000000000,1686391944000000000
1047,139.0,1686391952000000000,1686391952000000000
1048,138.0,1686391956000000000,1686391956000000000
1049,138.0,1686391961000000000,1686391961000000000
1050,136.0,1686391967000000000,1686391967000000000
1051,135.0,1686391970000000000,1686391970000000000
1052,133.0,1686391978000000000,1686391978000000000
1053,133.0,1686391980000000000,1686391980000000000
1054,136.0,1686391988000000000,1686391988000000000
1055,136.0,1686391990000000000,1686391990000000000
1056,138.0,1686391994000000000,1686391994000000000
1057,141.0,1686391999000000000,1686391999000000000
1058,143.0,1686392004000000000,1686392004000000000
1059,144.0,1686392009000000000,1686392009000000000
1060,146.0,1686392018000000000,1686392018000000000
1061,147.0,1686392020000000000,1686392020000000000
1062,145.0,1686392027000000000,1686392027000000000
1063,146.0,1686392030000000000,1686392030000000000
1064,145.0,1686392038000000000,1686392038000000000
1065,145.0,1686392039000000000,1686392039000000000
1066,143.0,1686392044000000000,1686392044000000000
1067,141.0,1686392049000000000,1686392049000000000
1068,139.0,1686392055000000000,1686392055000000000
1069,137.0,1686392063000000000,1686392063000000000
1070,137.0,1686392064000000000,1686392064000000000
1071,138.0,1686392069000000000,1686392069000000000
1072,142.0,1686392078000000000,1686392078000000000
1073,142.0,1686392079000000000,1686392079000000000
1074,143.0,1686392084000000000,1686392084000000000
1075,143.0,1686392091000000000,1686392091000000000
1076,141.0,1686392098000000000,1686392098000000000
1077,141.0,1686392099000000000,1686392099000000000
1078,132.0,1686392108000000000,1686392108000000000
1079,132.0,1686392111000000000,1686392111000000000
1080,129.0,1686392115000000000,1686392115000000000
1081,125.0,1686392119000000000,1686392119000000000
1082,123.0,1686392124000000000,1686392124000000000
1083,124.0,1686392131000000000,1686392131000000000
1084,121.0,1686392135000000000,1686392135000000000
1085,121.0,1686392143000000000,1686392143000000000
1086,120.0,1686392148000000000,1686392148000000000
1087,125.0,1686392153000000000,1686392153000000000
1088,127.0,1686392156000000000,1686392156000000000
1089,129.0,1686392159000000000,1686392159000000000
1090,129.0,1686392168000000000,1686392168000000000
1091,129.0,1686392170000000000,1686392170000000000
1092,127.0,1686392177000000000,1686392177000000000
1093,128.0,1686392183000000000,1686392183000000000
1094,128.0,1686392186000000000,1686392186000000000
1095,130.0,1686392192000000000,1686392192000000000
1096,132.0,1686392198000000000,1686392198000000000
1097,133.0,1686392203000000000,1686392203000000000
1098,133.0,1686392208000000000,1686392208000000000
1099,134.0,1686392211000000000,1686392211000000000
1100,134.0,1686392218000000000,1686392218000000000
1101,133.0,1686392221000000000,1686392221000000000
1102,125.0,1686392228000000000,1686392228000000000
1103,124.0,1686392229000000000,1686392229000000000
1104,123.0,1686392234000000000,1686392234000000000
1105,117.0,1686392242000000000,1686392242000000000
1106,108.0,1686392248000000000,1686392248000000000
1107,107.0,1686392249000000000,1686392249000000000
1108,120.0,1686392258000000000,1686392258000000000
1109,123.0,1686392263000000000,1686392263000000000
1110,126.0,1686392268000000000,1686392268000000000
1111,130.0,1686392273000000000,1686392273000000000
1112,130.0,1686392274000000000,1686392274000000000
1113,131.0,1686392280000000000,1686392280000000000
1114,134.0,1686392286000000000,1686392286000000000
1115,137.0,1686392291000000000,1686392291000000000
1116,135.0,1686392298000000000,1686392298000000000
1117,134.0,1686392303000000000,1686392303000000000
1118,134.0,1686392304000000000,1686392304000000000
1119,129.0,1686392311000000000,1686392311000000000
1120,126.0,1686392318000000000,1686392318000000000
1121,125.0,1686392320000000000,1686392320000000000
1122,119.0,1686392328000000000,1686392328000000000
1123,124.0,1686392332000000000,1686392332000000000
1124,124.0,1686392334000000000,1686392334000000000
1125,121.0,1686392343000000000,1686392343000000000
1126,122.0,1686392346000000000,1686392346000000000
1127,125.0,1686392353000000000,1686392353000000000
1128,125.0,1686392354000000000,1686392354000000000
1129,125.0,1686392363000000000,1686392363000000000
1130,125.0,1686392364000000000,1686392364000000000
1131,121.0,1686392370000000000,1686392370000000000
1132,121.0,1686392374000000000,1686392374000000000
1133,133.0,1686392383000000000,1686392383000000000
1134,135.0,1686392388000000000,1686392388000000000
1135,137.0,1686392391000000000,1686392391000000000
1136,135.0,1686392398000000000,1686392398000000000
1137,135.0,1686392399000000000,1686392399000000000
1138,138.0,1686392405000000000,1686392405000000000
1139,137.0,1686392409000000000,1686392409000000000
1140,140.0,1686392414000000000,1686392414000000000
1141,139.0,1686392423000000000,1686392423000000000
1142,138.0,1686392424000000000,1686392424000000000
1143,123.0,1686392431000000000,1686392431000000000
1144,121.0,1686392434000000000,1686392434000000000
1145,113.0,1686392443000000000,1686392443000000000
1146,112.0,1686392448000000000,1686392448000000000
1147,109.0,1686392453000000000,1686392453000000000
1148,109.0,1686392454000000000,1686392454000000000
1149,111.0,1686392463000000000,1686392463000000000
1150,103.0,1686392468000000000,1686392468000000000
1151,103.0,1686392470000000000,1686392470000000000
1152,99.0,1686392478000000000,1686392478000000000
1153,100.0,1686392480000000000,1686392480000000000
1154,106.0,1686392488000000000,1686392488000000000
1155,107.0,1686392489000000000,1686392489000000000
1156,105.0,1686392494000000000,1686392494000000000
1157,106.0,1686392503000000000,1686392503000000000
1158,102.0,1686392507000000000,1686392507000000000
1159,102.0,1686392509000000000,1686392509000000000
1160,109.0,1686392514000000000,1686392514000000000
1161,99.0,1686392523000000000,1686392523000000000
1162,104.0,1686392527000000000,1686392527000000000
1163,102.0,1686392530000000000,1686392530000000000
1164,101.0,1686392534000000000,1686392534000000000
1165,94.0,1686392543000000000,1686392543000000000
1166,94.0,1686392544000000000,1686392544000000000
1167,101.0,1686392551000000000,1686392551000000000
1168,89.0,1686392558000000000,1686392558000000000
1169,92.0,1686392563000000000,1686392563000000000
1170,90.0,1686392566000000000,1686392566000000000
1171,91.0,1686392573000000000,1686392573000000000
1172,90.0,1686392575000000000,1686392575000000000
1173,93.0,1686392580000000000,1686392580000000000
1174,94.0,1686392584000000000,1686392584000000000
1175,97.0,1686392589000000000,1686392589000000000
1176,100.0,1686392594000000000,1686392594000000000
1177,93.0,1686392603000000000,1686392603000000000
1178,94.0,1686392604000000000,1686392604000000000
1179,106.0,1686392613000000000,1686392613000000000
1180,106.0,1686392614000000000,1686392614000000000
1181,111.0,1686392621000000000,1686392621000000000
1182,113.0,1686392624000000000,1686392624000000000
1183,113.0,1686392632000000000,1686392632000000000
1184,114.0,1686392636000000000,1686392636000000000
1185,115.0,1686392643000000000,1686392643000000000
1186,116.0,1686392646000000000,1686392646000000000
1187,113.0,1686392653000000000,1686392653000000000
1188,113.0,1686392654000000000,1686392654000000000
1189,114.0,1686392660000000000,1686392660000000000
1190,115.0,1686392668000000000,1686392668000000000
1191,115.0,1686392669000000000,1686392669000000000
1192,109.0,1686392676000000000,1686392676000000000
1193,112.0,1686392679000000000,1686392679000000000
1194,115.0,1686392684000000000,1686392684000000000
1195,109.0,1686392689000000000,1686392689000000000
1196,114.0,1686392694000000000,1686392694000000000
1197,134.0,1686392703000000000,1686392703000000000
1198,135.0,1686392704000000000,1686392704000000000
1199,148.0,1686392713000000000,1686392713000000000
1200,148.0,1686392714000000000,1686392714000000000
1201,153.0,1686392719000000000,1686392719000000000
1202,155.0,1686392724000000000,1686392724000000000
1203,158.0,1686392730000000000,1686392730000000000
1204,161.0,1686392737000000000,1686392737000000000
1205,160.0,1686392740000000000,1686392740000000000
1206,163.0,1686392744000000000,1686392744000000000
1207,165.0,1686392750000000000,1686392750000000000
1208,163.0,1686392758000000000,1686392758000000000
1209,163.0,1686392762000000000,1686392762000000000
1210,163.0,1686392766000000000,1686392766000000000
1211,164.0,1686392769000000000,1686392769000000000
1212,167.0,1686392775000000000,1686392775000000000
1213,168.0,1686392783000000000,1686392783000000000
1214,169.0,1686392788000000000,1686392788000000000
1215,170.0,1686392792000000000,1686392792000000000
1216,170.0,1686392796000000000,1686392796000000000
1217,170.0,1686392801000000000,1686392801000000000
1218,170.0,1686392805000000000,1686392805000000000
1219,171.0,1686392810000000000,1686392810000000000
1220,171.0,1686392819000000000,1686392819000000000
1221,171.0,1686392823000000000,1686392823000000000
1222,171.0,1686392827000000000,1686392827000000000
1223,170.0,1686392834000000000,1686392834000000000
1224,171.0,1686392836000000000,1686392836000000000
1225,169.0,1686392844000000000,1686392844000000000
1226,170.0,1686392849000000000,1686392849000000000
1227,170.0,1686392851000000000,1686392851000000000
1228,170.0,1686392858000000000,1686392858000000000
1229,169.0,1686392861000000000,1686392861000000000
1230,170.0,1686392867000000000,1686392867000000000
1231,171.0,1686392874000000000,1686392874000000000
1232,171.0,1686392876000000000,1686392876000000000
1233,172.0,1686392882000000000,1686392882000000000
1234,172.0,1686392885000000000,1686392885000000000
1235,172.0,1686392890000000000,1686392890000000000
1236,172.0,1686392895000000000,1686392895000000000
1237,172.0,1686392902000000000,1686392902000000000
1238,172.0,1686392909000000000,1686392909000000000
1239,172.0,1686392910000000000,1686392910000000000
1240,173.0,1686392916000000000,1686392916000000000
1241,172.0,1686392924000000000,1686392924000000000
1242,172.0,1686392926000000000,1686392926000000000
1243,173.0,1686392930000000000,1686392930000000000
1244,172.0,1686392939000000000,1686392939000000000
1245,173.0,1686392941000000000,1686392941000000000
1246,173.0,1686392945000000000,1686392945000000000
1247,174.0,1686392953000000000,1686392953000000000
1248,174.0,1686392955000000000,1686392955000000000
1249,174.0,1686392960000000000,1686392960000000000
1250,174.0,1686392966000000000,1686392966000000000
1251,173.0,1686392971000000000,1686392971000000000
1252,173.0,1686392976000000000,1686392976000000000
1253,172.0,1686392980000000000,1686392980000000000
1254,172.0,1686392988000000000,1686392988000000000
1255,172.0,1686392990000000000,1686392990000000000
1256,170.0,1686392999000000000,1686392999000000000
1257,170.0,1686393001000000000,1686393001000000000
1258,171.0,1686393007000000000,1686393007000000000
1259,171.0,1686393013000000000,1686393013000000000
1260,171.0,1686393015000000000,1686393015000000000
1261,170.0,1686393023000000000,1686393023000000000
1262,170.0,1686393029000000000,1686393029000000000
1263,170.0,1686393032000000000,1686393032000000000
1264,169.0,1686393038000000000,1686393038000000000
1265,169.0,1686393040000000000,1686393040000000000
1266,167.0,1686393046000000000,1686393046000000000
1267,165.0,1686393050000000000,1686393050000000000
1268,164.0,1686393055000000000,1686393055000000000
1269,159.0,1686393064000000000,1686393064000000000
1270,159.0,1686393066000000000,1686393066000000000
1271,158.0,1686393071000000000,1686393071000000000
1272,151.0,1686393079000000000,1686393079000000000
1273,147.0,1686393084000000000,1686393084000000000
1274,147.0,1686393087000000000,1686393087000000000
1275,144.0,1686393094000000000,1686393094000000000
1276,141.0,1686393098000000000,1686393098000000000
1277,139.0,1686393101000000000,1686393101000000000
1278,143.0,1686393108000000000,1686393108000000000
1279,140.0,1686393113000000000,1686393113000000000
1280,138.0,1686393116000000000,1686393116000000000
1281,133.0,1686393124000000000,1686393124000000000
1282,134.0,1686393129000000000,1686393129000000000
1283,132.0,1686393134000000000,1686393134000000000
1284,133.0,1686393137000000000,1686393137000000000
1285,133.0,1686393141000000000,1686393141000000000
1286,133.0,1686393145000000000,1686393145000000000
1287,134.0,1686393153000000000,1686393153000000000
1288,134.0,1686393155000000000,1686393155000000000
1289,133.0,1686393160000000000,1686393160000000000
1290,130.0,1686393169000000000,1686393169000000000
1291,128.0,1686393174000000000,1686393174000000000
1292,128.0,1686393178000000000,1686393178000000000
1293,128.0,1686393180000000000,1686393180000000000
1294,125.0,1686393189000000000,1686393189000000000
1295,125.0,1686393190000000000,1686393190000000000
1296,122.0,1686393199000000000,1686393199000000000
1297,124.0,1686393202000000000,1686393202000000000
1298,125.0,1686393205000000000,1686393205000000000
1299,121.0,1686393210000000000,1686393210000000000
1300,123.0,1686393218000000000,1686393218000000000
1301,122.0,1686393220000000000,1686393220000000000
1302,122.0,1686393229000000000,1686393229000000000
1303,122.0,1686393230000000000,1686393230000000000
1304,125.0,1686393239000000000,1686393239000000000
1305,125.0,1686393242000000000,1686393242000000000
1306,121.0,1686393248000000000,1686393248000000000
1307,116.0,1686393254000000000,1686393254000000000
1308,115.0,1686393257000000000,1686393257000000000
1309,112.0,1686393263000000000,1686393263000000000
1310,114.0,1686393268000000000,1686393268000000000
1311,115.0,1686393272000000000,1686393272000000000
1312,115.0,1686393275000000000,1686393275000000000
1313,114.0,1686393284000000000,1686393284000000000
1314,115.0,1686393289000000000,1686393289000000000
1315,116.0,1686393291000000000,1686393291000000000
1316,114.0,1686393298000000000,1686393298000000000
1317,114.0,1686393300000000000,1686393300000000000
1318,107.0,1686393307000000000,1686393307000000000
1319,103.0,1686393314000000000,1686393314000000000
1320,102.0,1686393315000000000,1686393315000000000
1321,101.0,1686393321000000000,1686393321000000000
1322,100.0,1686393326000000000,1686393326000000000
1323,96.0,1686393334000000000,1686393334000000000
1324,95.0,1686393338000000000,1686393338000000000
1325,96.0,1686393340000000000,1686393340000000000
1326,99.0,1686393347000000000,1686393347000000000
1327,100.0,1686393354000000000,1686393354000000000
1328,100.0,1686393355000000000,1686393355000000000
1329,99.0,1686393364000000000,1686393364000000000
1330,99.0,1686393366000000000,1686393366000000000
1331,99.0,1686393372000000000,1686393372000000000
1332,96.0,1686393379000000000,1686393379000000000
1333,96.0,1686393381000000000,1686393381000000000
1334,94.0,1686393386000000000,1686393386000000000
1335,96.0,1686393393000000000,1686393393000000000
1336,96.0,1686393399000000000,1686393399000000000
1337,96.0,1686393403000000000,1686393403000000000
1338,99.0,1686393408000000000,1686393408000000000
1339,98.0,1686393411000000000,1686393411000000000
1340,97.0,1686393418000000000,1686393418000000000
1341,94.0,1686393424000000000,1686393424000000000
1342,95.0,1686393425000000000,1686393425000000000
1343,97.0,1686393434000000000,1686393434000000000
1344,97.0,1686393435000000000,1686393435000000000
1345,88.0,1686393444000000000,1686393444000000000
1346,87.0,1686393446000000000,1686393446000000000
1347,97.0,1686393454000000000,1686393454000000000
1348,98.0,1686393459000000000,1686393459000000000
1349,97.0,1686393462000000000,1686393462000000000
1350,97.0,1686393469000000000,1686393469000000000
1351,96.0,1686393473000000000,1686393473000000000
1352,96.0,1686393475000000000,1686393475000000000
1353,94.0,1686393480000000000,1686393480000000000
1354,97.0,1686393485000000000,1686393485000000000
1355,102.0,1686393490000000000,1686393490000000000
1356,101.0,1686393496000000000,1686393496000000000
1357,104.0,1686393504000000000,1686393504000000000
1358,105.0,1686393509000000000,1686393509000000000
1359,97.0,1686393514000000000,1686393514000000000
1360,97.0,1686393517000000000,1686393517000000000
1361,100.0,1686393520000000000,1686393520000000000
1362,101.0,1686393526000000000,1686393526000000000
1363,109.0,1686393533000000000,1686393533000000000
1364,113.0,1686393535000000000,1686393535000000000
1365,116.0,1686393544000000000,1686393544000000000
1366,116.0,1686393545000000000,1686393545000000000
1367,122.0,1686393553000000000,1686393553000000000
1368,125.0,1686393558000000000,1686393558000000000
1369,123.0,1686393561000000000,1686393561000000000
1370,120.0,1686393569000000000,1686393569000000000
1371,115.0,1686393573000000000,1686393573000000000
1372,114.0,1686393575000000000,1686393575000000000
1373,114.0,1686393580000000000,1686393580000000000
1374,114.0,1686393589000000000,1686393589000000000
1375,114.0,1686393590000000000,1686393590000000000
1376,120.0,1686393599000000000,1686393599000000000
1377,122.0,1686393603000000000,1686393603000000000
1378,120.0,1686393609000000000,1686393609000000000
1379,122.0,1686393612000000000,1686393612000000000
1380,121.0,1686393616000000000,1686393616000000000
1381,123.0,1686393622000000000,1686393622000000000
1382,120.0,1686393629000000000,1686393629000000000
1383,116.0,1686393632000000000,1686393632000000000
1384,107.0,1686393639000000000,1686393639000000000
1385,102.0,1686393644000000000,1686393644000000000
1386,101.0,1686393647000000000,1686393647000000000
1387,87.0,1686422526000000000,1686422526000000000
