startDate,endDate,value
2023-06-09 08:44:43 +0000,2023-06-09 08:44:43 +0000,54
2023-06-09 08:49:08 +0000,2023-06-09 08:49:08 +0000,67
2023-06-09 08:57:38 +0000,2023-06-09 08:57:38 +0000,55
2023-06-09 09:02:28 +0000,2023-06-09 09:02:28 +0000,59
2023-06-09 09:07:03 +0000,2023-06-09 09:07:03 +0000,53
2023-06-09 09:09:37 +0000,2023-06-09 09:09:37 +0000,61
2023-06-09 09:14:49 +0000,2023-06-09 09:14:49 +0000,54
2023-06-09 09:22:37 +0000,2023-06-09 09:22:37 +0000,89
2023-06-09 09:26:55 +0000,2023-06-09 09:26:55 +0000,73
2023-06-09 09:32:54 +0000,2023-06-09 09:32:54 +0000,49
2023-06-09 09:36:34 +0000,2023-06-09 09:36:34 +0000,57
2023-06-09 09:42:07 +0000,2023-06-09 09:42:07 +0000,56
2023-06-09 09:45:14 +0000,2023-06-09 09:45:14 +0000,62
2023-06-09 09:52:15 +0000,2023-06-09 09:52:15 +0000,59
2023-06-09 09:57:54 +0000,2023-06-09 09:57:54 +0000,57
2023-06-09 10:02:54 +0000,2023-06-09 10:02:54 +0000,55
2023-06-09 10:08:10 +0000,2023-06-09 10:08:10 +0000,53
2023-06-09 10:11:17 +0000,2023-06-09 10:11:17 +0000,67
2023-06-09 10:16:26 +0000,2023-06-09 10:16:26 +0000,69
2023-06-09 10:17:23 +0000,2023-06-09 10:17:23 +0000,58
2023-06-09 10:21:17 +0000,2023-06-09 10:21:17 +0000,60
2023-06-09 10:26:33 +0000,2023-06-09 10:26:33 +0000,52
2023-06-09 10:31:15 +0000,2023-06-09 10:31:15 +0000,125
2023-06-09 10:31:29 +0000,2023-06-09 10:31:29 +0000,93
2023-06-09 10:31:36 +0000,2023-06-09 10:31:36 +0000,91
2023-06-09 10:31:40 +0000,2023-06-09 10:31:40 +0000,91
2023-06-09 10:31:44 +0000,2023-06-09 10:31:44 +0000,92
2023-06-09 10:31:47 +0000,2023-06-09 10:31:47 +0000,92
2023-06-09 10:31:56 +0000,2023-06-09 10:31:56 +0000,87
2023-06-09 10:31:58 +0000,2023-06-09 10:31:58 +0000,87
2023-06-09 10:32:05 +0000,2023-06-09 10:32:05 +0000,88
2023-06-09 10:32:11 +0000,2023-06-09 10:32:11 +0000,87
2023-06-09 10:32:13 +0000,2023-06-09 10:32:13 +0000,87
2023-06-09 10:32:17 +0000,2023-06-09 10:32:17 +0000,88
2023-06-09 10:32:25 +0000,2023-06-09 10:32:25 +0000,88
2023-06-09 10:32:32 +0000,2023-06-09 10:32:32 +0000,88
2023-06-09 10:32:33 +0000,2023-06-09 10:32:33 +0000,89
2023-06-09 10:32:38 +0000,2023-06-09 10:32:38 +0000,89
2023-06-09 10:32:43 +0000,2023-06-09 10:32:43 +0000,89
2023-06-09 10:32:52 +0000,2023-06-09 10:32:52 +0000,89
2023-06-09 10:32:53 +0000,2023-06-09 10:32:53 +0000,89
2023-06-09 10:33:02 +0000,2023-06-09 10:33:02 +0000,89
2023-06-09 10:33:07 +0000,2023-06-09 10:33:07 +0000,89
2023-06-09 10:33:10 +0000,2023-06-09 10:33:10 +0000,89
2023-06-09 10:33:16 +0000,2023-06-09 10:33:16 +0000,89
2023-06-09 10:33:21 +0000,2023-06-09 10:33:21 +0000,86
2023-06-09 10:33:27 +0000,2023-06-09 10:33:27 +0000,86
2023-06-09 10:33:28 +0000,2023-06-09 10:33:28 +0000,86
2023-06-09 10:33:34 +0000,2023-06-09 10:33:34 +0000,87
2023-06-09 10:33:38 +0000,2023-06-09 10:33:38 +0000,91
2023-06-09 10:33:47 +0000,2023-06-09 10:33:47 +0000,91
2023-06-09 10:33:49 +0000,2023-06-09 10:33:49 +0000,91
2023-06-09 10:37:43 +0000,2023-06-09 10:37:43 +0000,77
2023-06-09 10:42:25 +0000,2023-06-09 10:42:25 +0000,72
2023-06-09 10:47:18 +0000,2023-06-09 10:47:18 +0000,56
2023-06-09 10:48:53 +0000,2023-06-09 10:48:53 +0000,66
2023-06-09 10:53:35 +0000,2023-06-09 10:53:35 +0000,59
2023-06-09 11:01:37 +0000,2023-06-09 11:01:37 +0000,80
2023-06-09 11:05:37 +0000,2023-06-09 11:05:37 +0000,66
2023-06-09 11:12:05 +0000,2023-06-09 11:12:05 +0000,70
2023-06-09 11:15:50 +0000,2023-06-09 11:15:50 +0000,72
2023-06-09 11:20:01 +0000,2023-06-09 11:20:01 +0000,67
2023-06-09 11:24:38 +0000,2023-06-09 11:24:38 +0000,67
2023-06-09 11:28:38 +0000,2023-06-09 11:28:38 +0000,77
2023-06-09 11:33:07 +0000,2023-06-09 11:33:07 +0000,91
2023-06-09 11:35:49 +0000,2023-06-09 11:35:49 +0000,68
2023-06-09 11:36:10 +0000,2023-06-09 11:36:10 +0000,83
2023-06-09 11:40:42 +0000,2023-06-09 11:40:42 +0000,65
2023-06-09 11:45:51 +0000,2023-06-09 11:45:51 +0000,65
2023-06-09 11:52:51 +0000,2023-06-09 11:52:51 +0000,104
2023-06-09 11:54:58 +0000,2023-06-09 11:54:58 +0000,68
2023-06-09 11:59:10 +0000,2023-06-09 11:59:10 +0000,67
2023-06-09 12:05:41 +0000,2023-06-09 12:05:41 +0000,71
2023-06-09 12:10:01 +0000,2023-06-09 12:10:01 +0000,83
2023-06-09 12:12:39 +0000,2023-06-09 12:12:39 +0000,66
2023-06-09 12:16:02 +0000,2023-06-09 12:16:02 +0000,65
2023-06-09 12:20:34 +0000,2023-06-09 12:20:34 +0000,67
2023-06-09 12:26:07 +0000,2023-06-09 12:26:07 +0000,68
2023-06-09 12:32:31 +0000,2023-06-09 12:32:31 +0000,66
2023-06-09 12:33:52 +0000,2023-06-09 12:33:52 +0000,68
2023-06-09 12:39:25 +0000,2023-06-09 12:39:25 +0000,62
2023-06-09 12:47:20 +0000,2023-06-09 12:47:20 +0000,63
2023-06-09 12:50:52 +0000,2023-06-09 12:50:52 +0000,60
2023-06-09 12:57:01 +0000,2023-06-09 12:57:01 +0000,60
2023-06-09 13:01:43 +0000,2023-06-09 13:01:43 +0000,67
2023-06-09 13:07:23 +0000,2023-06-09 13:07:23 +0000,61
2023-06-09 13:12:18 +0000,2023-06-09 13:12:18 +0000,60
2023-06-09 13:12:31 +0000,2023-06-09 13:12:31 +0000,62.4601020812988
2023-06-09 13:16:21 +0000,2023-06-09 13:16:21 +0000,58
2023-06-09 13:23:13 +0000,2023-06-09 13:23:13 +0000,65
2023-06-09 13:24:28 +0000,2023-06-09 13:24:28 +0000,61
2023-06-09 13:32:08 +0000,2023-06-09 13:32:08 +0000,66
2023-06-09 13:33:47 +0000,2023-06-09 13:33:47 +0000,56
2023-06-09 13:38:56 +0000,2023-06-09 13:38:56 +0000,63
2023-06-09 13:44:55 +0000,2023-06-09 13:44:55 +0000,61
2023-06-09 13:51:14 +0000,2023-06-09 13:51:14 +0000,75
2023-06-09 13:53:52 +0000,2023-06-09 13:53:52 +0000,61
2023-06-09 14:01:12 +0000,2023-06-09 14:01:12 +0000,97
2023-06-09 14:03:16 +0000,2023-06-09 14:03:16 +0000,61
2023-06-09 14:06:26 +0000,2023-06-09 14:06:26 +0000,61
2023-06-09 14:09:18 +0000,2023-06-09 14:09:18 +0000,65
2023-06-09 14:18:07 +0000,2023-06-09 14:18:07 +0000,60
2023-06-09 14:23:00 +0000,2023-06-09 14:23:00 +0000,69
2023-06-09 14:25:53 +0000,2023-06-09 14:25:53 +0000,74
2023-06-09 14:31:35 +0000,2023-06-09 14:31:35 +0000,66
2023-06-09 14:35:50 +0000,2023-06-09 14:35:50 +0000,62
2023-06-09 14:40:54 +0000,2023-06-09 14:40:54 +0000,75
2023-06-09 14:47:00 +0000,2023-06-09 14:47:00 +0000,67
2023-06-09 14:52:27 +0000,2023-06-09 14:52:27 +0000,65
2023-06-09 14:53:56 +0000,2023-06-09 14:53:56 +0000,67
2023-06-09 15:01:12 +0000,2023-06-09 15:01:12 +0000,69
2023-06-09 15:06:51 +0000,2023-06-09 15:06:51 +0000,64
2023-06-09 15:09:39 +0000,2023-06-09 15:09:39 +0000,61
2023-06-09 15:16:54 +0000,2023-06-09 15:16:54 +0000,69
2023-06-09 15:22:07 +0000,2023-06-09 15:22:07 +0000,63
2023-06-09 15:24:12 +0000,2023-06-09 15:24:12 +0000,74
2023-06-09 15:28:43 +0000,2023-06-09 15:28:43 +0000,77
2023-06-09 15:40:16 +0000,2023-06-09 15:40:16 +0000,57
2023-06-09 15:45:35 +0000,2023-06-09 15:45:35 +0000,68
2023-06-09 15:53:16 +0000,2023-06-09 15:53:16 +0000,68
2023-06-09 15:57:21 +0000,2023-06-09 15:57:21 +0000,78
2023-06-09 15:59:34 +0000,2023-06-09 15:59:34 +0000,69
2023-06-09 16:07:21 +0000,2023-06-09 16:07:21 +0000,59
2023-06-09 16:16:31 +0000,2023-06-09 16:16:31 +0000,83
2023-06-09 16:18:32 +0000,2023-06-09 16:18:32 +0000,76
2023-06-09 16:24:13 +0000,2023-06-09 16:24:13 +0000,68
2023-06-09 16:31:54 +0000,2023-06-09 16:31:54 +0000,73
2023-06-09 16:42:30 +0000,2023-06-09 16:42:30 +0000,66
2023-06-09 16:47:29 +0000,2023-06-09 16:47:29 +0000,72
2023-06-09 16:49:17 +0000,2023-06-09 16:49:17 +0000,74
2023-06-09 16:58:05 +0000,2023-06-09 16:58:05 +0000,74
2023-06-09 17:04:03 +0000,2023-06-09 17:04:03 +0000,70
2023-06-09 17:11:28 +0000,2023-06-09 17:11:28 +0000,69
2023-06-09 17:17:08 +0000,2023-06-09 17:17:08 +0000,74
2023-06-09 17:21:52 +0000,2023-06-09 17:21:52 +0000,62
2023-06-09 17:25:15 +0000,2023-06-09 17:25:15 +0000,72
2023-06-09 17:31:57 +0000,2023-06-09 17:31:57 +0000,70
2023-06-09 17:36:01 +0000,2023-06-09 17:36:01 +0000,74
2023-06-09 17:42:54 +0000,2023-06-09 17:42:54 +0000,83
2023-06-09 17:48:19 +0000,2023-06-09 17:48:19 +0000,71
2023-06-09 18:03:17 +0000,2023-06-09 18:03:17 +0000,59
2023-06-09 18:06:38 +0000,2023-06-09 18:06:38 +0000,66
2023-06-09 18:07:44 +0000,2023-06-09 18:07:44 +0000,68.1997680664063
2023-06-09 18:10:51 +0000,2023-06-09 18:10:51 +0000,74
2023-06-09 18:21:02 +0000,2023-06-09 18:21:02 +0000,116
2023-06-09 18:21:03 +0000,2023-06-09 18:21:03 +0000,114
2023-06-09 18:21:08 +0000,2023-06-09 18:21:08 +0000,118
2023-06-09 18:21:14 +0000,2023-06-09 18:21:14 +0000,117
2023-06-09 18:21:21 +0000,2023-06-09 18:21:21 +0000,115
2023-06-09 18:21:25 +0000,2023-06-09 18:21:25 +0000,114
2023-06-09 18:21:32 +0000,2023-06-09 18:21:32 +0000,113
2023-06-09 18:21:36 +0000,2023-06-09 18:21:36 +0000,111
2023-06-09 18:21:38 +0000,2023-06-09 18:21:38 +0000,110
2023-06-09 18:21:47 +0000,2023-06-09 18:21:47 +0000,112
2023-06-09 18:21:52 +0000,2023-06-09 18:21:52 +0000,113
2023-06-09 18:21:53 +0000,2023-06-09 18:21:53 +0000,114
2023-06-09 18:22:01 +0000,2023-06-09 18:22:01 +0000,111
2023-06-09 18:22:03 +0000,2023-06-09 18:22:03 +0000,111
2023-06-09 18:22:12 +0000,2023-06-09 18:22:12 +0000,112
2023-06-09 18:22:15 +0000,2023-06-09 18:22:15 +0000,113
2023-06-09 18:22:22 +0000,2023-06-09 18:22:22 +0000,110
2023-06-09 18:22:23 +0000,2023-06-09 18:22:23 +0000,111
2023-06-09 18:22:31 +0000,2023-06-09 18:22:31 +0000,114
2023-06-09 18:22:34 +0000,2023-06-09 18:22:34 +0000,114
2023-06-09 18:22:39 +0000,2023-06-09 18:22:39 +0000,114
2023-06-09 18:22:44 +0000,2023-06-09 18:22:44 +0000,114
2023-06-09 18:22:51 +0000,2023-06-09 18:22:51 +0000,117
2023-06-09 18:22:57 +0000,2023-06-09 18:22:57 +0000,115
2023-06-09 18:23:02 +0000,2023-06-09 18:23:02 +0000,116
2023-06-09 18:23:03 +0000,2023-06-09 18:23:03 +0000,115
2023-06-09 18:23:12 +0000,2023-06-09 18:23:12 +0000,111
2023-06-09 18:23:13 +0000,2023-06-09 18:23:13 +0000,112
2023-06-09 18:23:22 +0000,2023-06-09 18:23:22 +0000,99
2023-06-09 18:23:25 +0000,2023-06-09 18:23:25 +0000,100
2023-06-09 18:23:28 +0000,2023-06-09 18:23:28 +0000,101
2023-06-09 18:23:35 +0000,2023-06-09 18:23:35 +0000,94
2023-06-09 18:23:42 +0000,2023-06-09 18:23:42 +0000,97
2023-06-09 18:23:45 +0000,2023-06-09 18:23:45 +0000,96
2023-06-09 18:23:50 +0000,2023-06-09 18:23:50 +0000,92
2023-06-09 18:23:53 +0000,2023-06-09 18:23:53 +0000,92
2023-06-09 18:24:00 +0000,2023-06-09 18:24:00 +0000,96
2023-06-09 18:24:07 +0000,2023-06-09 18:24:07 +0000,96
2023-06-09 18:24:10 +0000,2023-06-09 18:24:10 +0000,96
2023-06-09 18:24:16 +0000,2023-06-09 18:24:16 +0000,96
2023-06-09 18:24:22 +0000,2023-06-09 18:24:22 +0000,101
2023-06-09 18:24:25 +0000,2023-06-09 18:24:25 +0000,103
2023-06-09 18:24:28 +0000,2023-06-09 18:24:28 +0000,105
2023-06-09 18:24:36 +0000,2023-06-09 18:24:36 +0000,111
2023-06-09 18:24:38 +0000,2023-06-09 18:24:38 +0000,110
2023-06-09 18:24:46 +0000,2023-06-09 18:24:46 +0000,110
2023-06-09 18:24:48 +0000,2023-06-09 18:24:48 +0000,110
2023-06-09 18:24:57 +0000,2023-06-09 18:24:57 +0000,101
2023-06-09 18:24:58 +0000,2023-06-09 18:24:58 +0000,102
2023-06-09 18:25:03 +0000,2023-06-09 18:25:03 +0000,105
2023-06-09 18:25:12 +0000,2023-06-09 18:25:12 +0000,108
2023-06-09 18:25:15 +0000,2023-06-09 18:25:15 +0000,108
2023-06-09 18:25:20 +0000,2023-06-09 18:25:20 +0000,102
2023-06-09 18:25:23 +0000,2023-06-09 18:25:23 +0000,101
2023-06-09 18:25:28 +0000,2023-06-09 18:25:28 +0000,105
2023-06-09 18:25:34 +0000,2023-06-09 18:25:34 +0000,95
2023-06-09 18:25:42 +0000,2023-06-09 18:25:42 +0000,107
2023-06-09 18:25:47 +0000,2023-06-09 18:25:47 +0000,106
2023-06-09 18:25:50 +0000,2023-06-09 18:25:50 +0000,106
2023-06-09 18:25:54 +0000,2023-06-09 18:25:54 +0000,107
2023-06-09 18:25:58 +0000,2023-06-09 18:25:58 +0000,110
2023-06-09 18:26:07 +0000,2023-06-09 18:26:07 +0000,104
2023-06-09 18:26:09 +0000,2023-06-09 18:26:09 +0000,105
2023-06-09 18:26:13 +0000,2023-06-09 18:26:13 +0000,106
2023-06-09 18:26:19 +0000,2023-06-09 18:26:19 +0000,104
2023-06-09 18:32:12 +0000,2023-06-09 18:32:12 +0000,95
2023-06-10 07:40:26 +0000,2023-06-10 07:40:26 +0000,81
2023-06-10 07:42:47 +0000,2023-06-10 07:42:47 +0000,93
2023-06-10 07:45:09 +0000,2023-06-10 07:45:09 +0000,86
2023-06-10 07:47:49 +0000,2023-06-10 07:47:49 +0000,95
2023-06-10 07:50:11 +0000,2023-06-10 07:50:11 +0000,93
2023-06-10 07:50:35 +0000,2023-06-10 07:50:35 +0000,89
2023-06-10 07:52:19 +0000,2023-06-10 07:52:19 +0000,91
2023-06-10 07:52:23 +0000,2023-06-10 07:52:23 +0000,90
2023-06-10 07:52:27 +0000,2023-06-10 07:52:27 +0000,90
2023-06-10 07:52:34 +0000,2023-06-10 07:52:34 +0000,87
2023-06-10 07:52:37 +0000,2023-06-10 07:52:37 +0000,86
2023-06-10 07:52:43 +0000,2023-06-10 07:52:43 +0000,88
2023-06-10 07:52:49 +0000,2023-06-10 07:52:49 +0000,86
2023-06-10 07:52:53 +0000,2023-06-10 07:52:53 +0000,86
2023-06-10 07:52:55 +0000,2023-06-10 07:52:55 +0000,86
2023-06-10 07:53:03 +0000,2023-06-10 07:53:03 +0000,81
2023-06-10 07:53:08 +0000,2023-06-10 07:53:08 +0000,86
2023-06-10 07:53:10 +0000,2023-06-10 07:53:10 +0000,87
2023-06-10 07:53:19 +0000,2023-06-10 07:53:19 +0000,85
2023-06-10 07:53:24 +0000,2023-06-10 07:53:24 +0000,84
2023-06-10 07:53:29 +0000,2023-06-10 07:53:29 +0000,85
2023-06-10 07:53:31 +0000,2023-06-10 07:53:31 +0000,85
2023-06-10 07:53:35 +0000,2023-06-10 07:53:35 +0000,85
2023-06-10 07:53:44 +0000,2023-06-10 07:53:44 +0000,88
2023-06-10 07:53:49 +0000,2023-06-10 07:53:49 +0000,88
2023-06-10 07:53:52 +0000,2023-06-10 07:53:52 +0000,88
2023-06-10 07:53:55 +0000,2023-06-10 07:53:55 +0000,88
2023-06-10 07:54:04 +0000,2023-06-10 07:54:04 +0000,90
2023-06-10 07:54:09 +0000,2023-06-10 07:54:09 +0000,89
2023-06-10 07:54:11 +0000,2023-06-10 07:54:11 +0000,89
2023-06-10 07:54:15 +0000,2023-06-10 07:54:15 +0000,88
2023-06-10 07:54:24 +0000,2023-06-10 07:54:24 +0000,91
2023-06-10 07:54:25 +0000,2023-06-10 07:54:25 +0000,91
2023-06-10 07:54:30 +0000,2023-06-10 07:54:30 +0000,90
2023-06-10 07:54:39 +0000,2023-06-10 07:54:39 +0000,90
2023-06-10 07:54:44 +0000,2023-06-10 07:54:44 +0000,89
2023-06-10 07:54:45 +0000,2023-06-10 07:54:45 +0000,89
2023-06-10 07:54:54 +0000,2023-06-10 07:54:54 +0000,83
2023-06-10 07:54:58 +0000,2023-06-10 07:54:58 +0000,83
2023-06-10 07:55:03 +0000,2023-06-10 07:55:03 +0000,83
2023-06-10 07:55:07 +0000,2023-06-10 07:55:07 +0000,81
2023-06-10 07:55:10 +0000,2023-06-10 07:55:10 +0000,82
2023-06-10 07:55:16 +0000,2023-06-10 07:55:16 +0000,85
2023-06-10 07:55:22 +0000,2023-06-10 07:55:22 +0000,82
2023-06-10 07:55:28 +0000,2023-06-10 07:55:28 +0000,86
2023-06-10 07:55:33 +0000,2023-06-10 07:55:33 +0000,86
2023-06-10 07:55:35 +0000,2023-06-10 07:55:35 +0000,86
2023-06-10 07:55:40 +0000,2023-06-10 07:55:40 +0000,85
2023-06-10 07:55:49 +0000,2023-06-10 07:55:49 +0000,79
2023-06-10 07:55:50 +0000,2023-06-10 07:55:50 +0000,79
2023-06-10 07:55:57 +0000,2023-06-10 07:55:57 +0000,76
2023-06-10 07:56:04 +0000,2023-06-10 07:56:04 +0000,81
2023-06-10 07:56:05 +0000,2023-06-10 07:56:05 +0000,81
2023-06-10 07:56:10 +0000,2023-06-10 07:56:10 +0000,85
2023-06-10 07:56:19 +0000,2023-06-10 07:56:19 +0000,86
2023-06-10 07:56:23 +0000,2023-06-10 07:56:23 +0000,86
2023-06-10 07:56:25 +0000,2023-06-10 07:56:25 +0000,88
2023-06-10 07:56:34 +0000,2023-06-10 07:56:34 +0000,92
2023-06-10 07:56:39 +0000,2023-06-10 07:56:39 +0000,86
2023-06-10 07:56:42 +0000,2023-06-10 07:56:42 +0000,86
2023-06-10 07:56:47 +0000,2023-06-10 07:56:47 +0000,88
2023-06-10 07:56:53 +0000,2023-06-10 07:56:53 +0000,87
2023-06-10 07:56:58 +0000,2023-06-10 07:56:58 +0000,88
2023-06-10 07:57:01 +0000,2023-06-10 07:57:01 +0000,89
2023-06-10 07:57:09 +0000,2023-06-10 07:57:09 +0000,90
2023-06-10 07:57:14 +0000,2023-06-10 07:57:14 +0000,93
2023-06-10 07:57:19 +0000,2023-06-10 07:57:19 +0000,93
2023-06-10 07:57:24 +0000,2023-06-10 07:57:24 +0000,91
2023-06-10 07:57:25 +0000,2023-06-10 07:57:25 +0000,91
2023-06-10 07:57:34 +0000,2023-06-10 07:57:34 +0000,83
2023-06-10 07:57:35 +0000,2023-06-10 07:57:35 +0000,83
2023-06-10 07:57:44 +0000,2023-06-10 07:57:44 +0000,79
2023-06-10 07:57:49 +0000,2023-06-10 07:57:49 +0000,79
2023-06-10 07:57:50 +0000,2023-06-10 07:57:50 +0000,79
2023-06-10 07:57:59 +0000,2023-06-10 07:57:59 +0000,72
2023-06-10 07:58:04 +0000,2023-06-10 07:58:04 +0000,72
2023-06-10 07:58:06 +0000,2023-06-10 07:58:06 +0000,72
2023-06-10 07:58:14 +0000,2023-06-10 07:58:14 +0000,74
2023-06-10 07:58:15 +0000,2023-06-10 07:58:15 +0000,74
2023-06-10 07:58:20 +0000,2023-06-10 07:58:20 +0000,71
2023-06-10 07:58:26 +0000,2023-06-10 07:58:26 +0000,71
2023-06-10 07:58:34 +0000,2023-06-10 07:58:34 +0000,74
2023-06-10 07:58:35 +0000,2023-06-10 07:58:35 +0000,73
2023-06-10 07:58:44 +0000,2023-06-10 07:58:44 +0000,68
2023-06-10 07:58:45 +0000,2023-06-10 07:58:45 +0000,69
2023-06-10 07:58:50 +0000,2023-06-10 07:58:50 +0000,68
2023-06-10 07:58:56 +0000,2023-06-10 07:58:56 +0000,71
2023-06-10 07:59:04 +0000,2023-06-10 07:59:04 +0000,66
2023-06-10 07:59:07 +0000,2023-06-10 07:59:07 +0000,67
2023-06-10 07:59:11 +0000,2023-06-10 07:59:11 +0000,66
2023-06-10 07:59:15 +0000,2023-06-10 07:59:15 +0000,65
2023-06-10 07:59:24 +0000,2023-06-10 07:59:24 +0000,70
2023-06-10 07:59:25 +0000,2023-06-10 07:59:25 +0000,70
2023-06-10 07:59:34 +0000,2023-06-10 07:59:34 +0000,73
2023-06-10 07:59:39 +0000,2023-06-10 07:59:39 +0000,73
2023-06-10 07:59:41 +0000,2023-06-10 07:59:41 +0000,72
2023-06-10 07:59:45 +0000,2023-06-10 07:59:45 +0000,70
2023-06-10 07:59:52 +0000,2023-06-10 07:59:52 +0000,70
2023-06-10 07:59:59 +0000,2023-06-10 07:59:59 +0000,67
2023-06-10 08:00:03 +0000,2023-06-10 08:00:03 +0000,68
2023-06-10 08:00:05 +0000,2023-06-10 08:00:05 +0000,68
2023-06-10 08:00:14 +0000,2023-06-10 08:00:14 +0000,71
2023-06-10 08:00:19 +0000,2023-06-10 08:00:19 +0000,71
2023-06-10 08:00:24 +0000,2023-06-10 08:00:24 +0000,71
2023-06-10 08:00:25 +0000,2023-06-10 08:00:25 +0000,70
2023-06-10 08:00:34 +0000,2023-06-10 08:00:34 +0000,70
2023-06-10 08:00:38 +0000,2023-06-10 08:00:38 +0000,71
2023-06-10 08:00:43 +0000,2023-06-10 08:00:43 +0000,71
2023-06-10 08:00:48 +0000,2023-06-10 08:00:48 +0000,71
2023-06-10 08:00:52 +0000,2023-06-10 08:00:52 +0000,72
2023-06-10 08:00:55 +0000,2023-06-10 08:00:55 +0000,75
2023-06-10 08:01:04 +0000,2023-06-10 08:01:04 +0000,89
2023-06-10 08:01:08 +0000,2023-06-10 08:01:08 +0000,91
2023-06-10 08:01:14 +0000,2023-06-10 08:01:14 +0000,85
2023-06-10 08:01:18 +0000,2023-06-10 08:01:18 +0000,85
2023-06-10 08:01:20 +0000,2023-06-10 08:01:20 +0000,84
2023-06-10 08:01:29 +0000,2023-06-10 08:01:29 +0000,82
2023-06-10 08:01:30 +0000,2023-06-10 08:01:30 +0000,82
2023-06-10 08:01:38 +0000,2023-06-10 08:01:38 +0000,87
2023-06-10 08:01:44 +0000,2023-06-10 08:01:44 +0000,85
2023-06-10 08:01:46 +0000,2023-06-10 08:01:46 +0000,85
2023-06-10 08:01:50 +0000,2023-06-10 08:01:50 +0000,83
2023-06-10 08:01:56 +0000,2023-06-10 08:01:56 +0000,80
2023-06-10 08:02:04 +0000,2023-06-10 08:02:04 +0000,71
2023-06-10 08:02:09 +0000,2023-06-10 08:02:09 +0000,76
2023-06-10 08:02:14 +0000,2023-06-10 08:02:14 +0000,77
2023-06-10 08:02:17 +0000,2023-06-10 08:02:17 +0000,77
2023-06-10 08:02:20 +0000,2023-06-10 08:02:20 +0000,74
2023-06-10 08:02:29 +0000,2023-06-10 08:02:29 +0000,78
2023-06-10 08:02:30 +0000,2023-06-10 08:02:30 +0000,78
2023-06-10 08:02:38 +0000,2023-06-10 08:02:38 +0000,75
2023-06-10 08:02:40 +0000,2023-06-10 08:02:40 +0000,78
2023-06-10 08:02:49 +0000,2023-06-10 08:02:49 +0000,71
2023-06-10 08:02:51 +0000,2023-06-10 08:02:51 +0000,72
2023-06-10 08:03:26 +0000,2023-06-10 08:03:26 +0000,70
2023-06-10 08:04:54 +0000,2023-06-10 08:04:54 +0000,77
2023-06-10 08:07:31 +0000,2023-06-10 08:07:31 +0000,94
2023-06-10 08:10:28 +0000,2023-06-10 08:10:28 +0000,109
2023-06-10 08:12:02 +0000,2023-06-10 08:12:02 +0000,75
2023-06-10 08:17:53 +0000,2023-06-10 08:17:53 +0000,71
2023-06-10 08:20:56 +0000,2023-06-10 08:20:56 +0000,70
2023-06-10 08:24:12 +0000,2023-06-10 08:24:12 +0000,67.776725769043
2023-06-10 08:24:37 +0000,2023-06-10 08:24:37 +0000,71
2023-06-10 08:32:17 +0000,2023-06-10 08:32:17 +0000,73
2023-06-10 08:38:27 +0000,2023-06-10 08:38:27 +0000,71
2023-06-10 08:40:16 +0000,2023-06-10 08:40:16 +0000,67
2023-06-10 08:48:01 +0000,2023-06-10 08:48:01 +0000,68
2023-06-10 08:51:00 +0000,2023-06-10 08:51:00 +0000,64
2023-06-10 08:55:54 +0000,2023-06-10 08:55:54 +0000,78
2023-06-10 09:01:55 +0000,2023-06-10 09:01:55 +0000,75
2023-06-10 09:03:37 +0000,2023-06-10 09:03:37 +0000,85
2023-06-10 09:03:42 +0000,2023-06-10 09:03:42 +0000,82
2023-06-10 09:03:47 +0000,2023-06-10 09:03:47 +0000,82
2023-06-10 09:03:49 +0000,2023-06-10 09:03:49 +0000,82
2023-06-10 09:03:53 +0000,2023-06-10 09:03:53 +0000,80
2023-06-10 09:04:02 +0000,2023-06-10 09:04:02 +0000,78
2023-06-10 09:04:03 +0000,2023-06-10 09:04:03 +0000,78
2023-06-10 09:04:08 +0000,2023-06-10 09:04:08 +0000,77
2023-06-10 09:04:17 +0000,2023-06-10 09:04:17 +0000,82
2023-06-10 09:04:19 +0000,2023-06-10 09:04:19 +0000,82
2023-06-10 09:04:23 +0000,2023-06-10 09:04:23 +0000,88
2023-06-10 09:04:29 +0000,2023-06-10 09:04:29 +0000,97
2023-06-10 09:04:37 +0000,2023-06-10 09:04:37 +0000,98
2023-06-10 09:04:42 +0000,2023-06-10 09:04:42 +0000,102
2023-06-10 09:04:45 +0000,2023-06-10 09:04:45 +0000,102
2023-06-10 09:04:48 +0000,2023-06-10 09:04:48 +0000,103
2023-06-10 09:04:57 +0000,2023-06-10 09:04:57 +0000,96
2023-06-10 09:05:02 +0000,2023-06-10 09:05:02 +0000,97
2023-06-10 09:05:07 +0000,2023-06-10 09:05:07 +0000,105
2023-06-10 09:06:40 +0000,2023-06-10 09:06:40 +0000,68
2023-06-10 09:11:39 +0000,2023-06-10 09:11:39 +0000,92
2023-06-10 09:12:35 +0000,2023-06-10 09:12:35 +0000,71
2023-06-10 09:14:23 +0000,2023-06-10 09:14:23 +0000,58
2023-06-10 09:16:46 +0000,2023-06-10 09:16:46 +0000,72
2023-06-10 09:16:51 +0000,2023-06-10 09:16:51 +0000,74
2023-06-10 09:16:56 +0000,2023-06-10 09:16:56 +0000,76
2023-06-10 09:17:00 +0000,2023-06-10 09:17:00 +0000,76
2023-06-10 09:17:06 +0000,2023-06-10 09:17:06 +0000,79
2023-06-10 09:17:07 +0000,2023-06-10 09:17:07 +0000,79
2023-06-10 09:17:16 +0000,2023-06-10 09:17:16 +0000,80
2023-06-10 09:17:17 +0000,2023-06-10 09:17:17 +0000,80
2023-06-10 09:17:26 +0000,2023-06-10 09:17:26 +0000,83
2023-06-10 09:17:27 +0000,2023-06-10 09:17:27 +0000,84
2023-06-10 09:17:58 +0000,2023-06-10 09:17:58 +0000,84
2023-06-10 09:18:02 +0000,2023-06-10 09:18:02 +0000,82
2023-06-10 09:18:08 +0000,2023-06-10 09:18:08 +0000,76
2023-06-10 09:18:11 +0000,2023-06-10 09:18:11 +0000,76
2023-06-10 09:18:18 +0000,2023-06-10 09:18:18 +0000,81
2023-06-10 09:18:19 +0000,2023-06-10 09:18:19 +0000,80
2023-06-10 09:18:28 +0000,2023-06-10 09:18:28 +0000,77
2023-06-10 09:18:29 +0000,2023-06-10 09:18:29 +0000,77
2023-06-10 09:18:35 +0000,2023-06-10 09:18:35 +0000,82
2023-06-10 09:18:40 +0000,2023-06-10 09:18:40 +0000,94
2023-06-10 09:18:48 +0000,2023-06-10 09:18:48 +0000,112
2023-06-10 09:18:52 +0000,2023-06-10 09:18:52 +0000,109
2023-06-10 09:18:54 +0000,2023-06-10 09:18:54 +0000,108
2023-06-10 09:19:02 +0000,2023-06-10 09:19:02 +0000,98
2023-06-10 09:19:08 +0000,2023-06-10 09:19:08 +0000,100
2023-06-10 09:19:13 +0000,2023-06-10 09:19:13 +0000,98
2023-06-10 09:19:14 +0000,2023-06-10 09:19:14 +0000,98
2023-06-10 09:19:20 +0000,2023-06-10 09:19:20 +0000,102
2023-06-10 09:19:28 +0000,2023-06-10 09:19:28 +0000,90
2023-06-10 09:19:30 +0000,2023-06-10 09:19:30 +0000,88
2023-06-10 09:19:38 +0000,2023-06-10 09:19:38 +0000,74
2023-06-10 09:19:42 +0000,2023-06-10 09:19:42 +0000,76
2023-06-10 09:19:48 +0000,2023-06-10 09:19:48 +0000,74
2023-06-10 09:19:53 +0000,2023-06-10 09:19:53 +0000,77
2023-06-10 09:19:55 +0000,2023-06-10 09:19:55 +0000,78
2023-06-10 09:19:59 +0000,2023-06-10 09:19:59 +0000,79
2023-06-10 09:20:04 +0000,2023-06-10 09:20:04 +0000,78
2023-06-10 09:20:13 +0000,2023-06-10 09:20:13 +0000,77
2023-06-10 09:20:18 +0000,2023-06-10 09:20:18 +0000,77
2023-06-10 09:20:20 +0000,2023-06-10 09:20:20 +0000,77
2023-06-10 09:20:27 +0000,2023-06-10 09:20:27 +0000,78
2023-06-10 09:20:29 +0000,2023-06-10 09:20:29 +0000,78
2023-06-10 09:20:38 +0000,2023-06-10 09:20:38 +0000,86
2023-06-10 09:20:39 +0000,2023-06-10 09:20:39 +0000,85
2023-06-10 09:20:48 +0000,2023-06-10 09:20:48 +0000,84
2023-06-10 09:20:52 +0000,2023-06-10 09:20:52 +0000,83
2023-06-10 09:20:57 +0000,2023-06-10 09:20:57 +0000,91
2023-06-10 09:21:02 +0000,2023-06-10 09:21:02 +0000,100
2023-06-10 09:21:08 +0000,2023-06-10 09:21:08 +0000,107
2023-06-10 09:21:13 +0000,2023-06-10 09:21:13 +0000,107
2023-06-10 09:21:18 +0000,2023-06-10 09:21:18 +0000,109
2023-06-10 09:21:21 +0000,2023-06-10 09:21:21 +0000,111
2023-06-10 09:21:27 +0000,2023-06-10 09:21:27 +0000,110
2023-06-10 09:21:30 +0000,2023-06-10 09:21:30 +0000,109
2023-06-10 09:21:38 +0000,2023-06-10 09:21:38 +0000,114
2023-06-10 09:21:39 +0000,2023-06-10 09:21:39 +0000,115
2023-06-10 09:21:48 +0000,2023-06-10 09:21:48 +0000,123
2023-06-10 09:21:50 +0000,2023-06-10 09:21:50 +0000,122
2023-06-10 09:21:55 +0000,2023-06-10 09:21:55 +0000,120
2023-06-10 09:22:01 +0000,2023-06-10 09:22:01 +0000,123
2023-06-10 09:22:07 +0000,2023-06-10 09:22:07 +0000,123
2023-06-10 09:22:11 +0000,2023-06-10 09:22:11 +0000,124
2023-06-10 09:22:14 +0000,2023-06-10 09:22:14 +0000,124
2023-06-10 09:22:23 +0000,2023-06-10 09:22:23 +0000,121
2023-06-10 09:22:25 +0000,2023-06-10 09:22:25 +0000,120
2023-06-10 09:22:31 +0000,2023-06-10 09:22:31 +0000,116
2023-06-10 09:22:36 +0000,2023-06-10 09:22:36 +0000,115
2023-06-10 09:22:43 +0000,2023-06-10 09:22:43 +0000,111
2023-06-10 09:22:48 +0000,2023-06-10 09:22:48 +0000,115
2023-06-10 09:22:49 +0000,2023-06-10 09:22:49 +0000,116
2023-06-10 09:22:54 +0000,2023-06-10 09:22:54 +0000,120
2023-06-10 09:23:02 +0000,2023-06-10 09:23:02 +0000,117
2023-06-10 09:23:07 +0000,2023-06-10 09:23:07 +0000,114
2023-06-10 09:23:11 +0000,2023-06-10 09:23:11 +0000,113
2023-06-10 09:23:18 +0000,2023-06-10 09:23:18 +0000,112
2023-06-10 09:23:19 +0000,2023-06-10 09:23:19 +0000,113
2023-06-10 09:23:28 +0000,2023-06-10 09:23:28 +0000,118
2023-06-10 09:23:30 +0000,2023-06-10 09:23:30 +0000,117
2023-06-10 09:23:38 +0000,2023-06-10 09:23:38 +0000,111
2023-06-10 09:23:43 +0000,2023-06-10 09:23:43 +0000,111
2023-06-10 09:23:45 +0000,2023-06-10 09:23:45 +0000,112
2023-06-10 09:23:52 +0000,2023-06-10 09:23:52 +0000,115
2023-06-10 09:23:56 +0000,2023-06-10 09:23:56 +0000,115
2023-06-10 09:24:03 +0000,2023-06-10 09:24:03 +0000,113
2023-06-10 09:24:04 +0000,2023-06-10 09:24:04 +0000,112
2023-06-10 09:24:13 +0000,2023-06-10 09:24:13 +0000,100
2023-06-10 09:24:17 +0000,2023-06-10 09:24:17 +0000,100
2023-06-10 09:24:19 +0000,2023-06-10 09:24:19 +0000,101
2023-06-10 09:24:25 +0000,2023-06-10 09:24:25 +0000,102
2023-06-10 09:24:32 +0000,2023-06-10 09:24:32 +0000,105
2023-06-10 09:24:34 +0000,2023-06-10 09:24:34 +0000,105
2023-06-10 09:24:42 +0000,2023-06-10 09:24:42 +0000,97
2023-06-10 09:24:48 +0000,2023-06-10 09:24:48 +0000,97
2023-06-10 09:24:52 +0000,2023-06-10 09:24:52 +0000,97
2023-06-10 09:24:58 +0000,2023-06-10 09:24:58 +0000,94
2023-06-10 09:24:59 +0000,2023-06-10 09:24:59 +0000,94
2023-06-10 09:25:08 +0000,2023-06-10 09:25:08 +0000,101
2023-06-10 09:25:10 +0000,2023-06-10 09:25:10 +0000,100
2023-06-10 09:25:15 +0000,2023-06-10 09:25:15 +0000,95
2023-06-10 09:25:19 +0000,2023-06-10 09:25:19 +0000,96
2023-06-10 09:25:28 +0000,2023-06-10 09:25:28 +0000,90
2023-06-10 09:25:33 +0000,2023-06-10 09:25:33 +0000,91
2023-06-10 09:25:38 +0000,2023-06-10 09:25:38 +0000,91
2023-06-10 09:25:39 +0000,2023-06-10 09:25:39 +0000,91
2023-06-10 09:25:47 +0000,2023-06-10 09:25:47 +0000,93
2023-06-10 09:25:49 +0000,2023-06-10 09:25:49 +0000,95
2023-06-10 09:25:55 +0000,2023-06-10 09:25:55 +0000,103
2023-06-10 09:26:03 +0000,2023-06-10 09:26:03 +0000,92
2023-06-10 09:26:07 +0000,2023-06-10 09:26:07 +0000,90
2023-06-10 09:26:11 +0000,2023-06-10 09:26:11 +0000,91
2023-06-10 09:26:15 +0000,2023-06-10 09:26:15 +0000,89
2023-06-10 09:26:23 +0000,2023-06-10 09:26:23 +0000,84
2023-06-10 09:26:25 +0000,2023-06-10 09:26:25 +0000,84
2023-06-10 09:26:31 +0000,2023-06-10 09:26:31 +0000,82
2023-06-10 09:26:38 +0000,2023-06-10 09:26:38 +0000,84
2023-06-10 09:26:43 +0000,2023-06-10 09:26:43 +0000,81
2023-06-10 09:26:47 +0000,2023-06-10 09:26:47 +0000,83
2023-06-10 09:26:49 +0000,2023-06-10 09:26:49 +0000,82
2023-06-10 09:26:57 +0000,2023-06-10 09:26:57 +0000,82
2023-06-10 09:27:00 +0000,2023-06-10 09:27:00 +0000,81
2023-06-10 09:27:05 +0000,2023-06-10 09:27:05 +0000,83
2023-06-10 09:27:13 +0000,2023-06-10 09:27:13 +0000,81
2023-06-10 09:27:16 +0000,2023-06-10 09:27:16 +0000,82
2023-06-10 09:27:19 +0000,2023-06-10 09:27:19 +0000,83
2023-06-10 09:27:28 +0000,2023-06-10 09:27:28 +0000,89
2023-06-10 09:27:32 +0000,2023-06-10 09:27:32 +0000,89
2023-06-10 09:27:34 +0000,2023-06-10 09:27:34 +0000,90
2023-06-10 09:27:41 +0000,2023-06-10 09:27:41 +0000,87
2023-06-10 09:27:44 +0000,2023-06-10 09:27:44 +0000,88
2023-06-10 09:27:53 +0000,2023-06-10 09:27:53 +0000,77
2023-06-10 09:27:58 +0000,2023-06-10 09:27:58 +0000,80
2023-06-10 09:27:59 +0000,2023-06-10 09:27:59 +0000,80
2023-06-10 09:28:08 +0000,2023-06-10 09:28:08 +0000,76
2023-06-10 09:28:09 +0000,2023-06-10 09:28:09 +0000,76
2023-06-10 09:28:16 +0000,2023-06-10 09:28:16 +0000,75
2023-06-10 09:28:21 +0000,2023-06-10 09:28:21 +0000,79
2023-06-10 09:28:28 +0000,2023-06-10 09:28:28 +0000,71
2023-06-10 09:28:33 +0000,2023-06-10 09:28:33 +0000,72
2023-06-10 09:28:38 +0000,2023-06-10 09:28:38 +0000,72
2023-06-10 09:28:39 +0000,2023-06-10 09:28:39 +0000,72
2023-06-10 09:28:44 +0000,2023-06-10 09:28:44 +0000,74
2023-06-10 09:28:53 +0000,2023-06-10 09:28:53 +0000,79
2023-06-10 09:28:58 +0000,2023-06-10 09:28:58 +0000,82
2023-06-10 09:29:00 +0000,2023-06-10 09:29:00 +0000,83
2023-06-10 09:29:08 +0000,2023-06-10 09:29:08 +0000,88
2023-06-10 09:29:11 +0000,2023-06-10 09:29:11 +0000,88
2023-06-10 09:29:14 +0000,2023-06-10 09:29:14 +0000,87
2023-06-10 09:29:19 +0000,2023-06-10 09:29:19 +0000,86
2023-06-10 09:29:28 +0000,2023-06-10 09:29:28 +0000,81
2023-06-10 09:29:33 +0000,2023-06-10 09:29:33 +0000,82
2023-06-10 09:29:35 +0000,2023-06-10 09:29:35 +0000,82
2023-06-10 09:29:39 +0000,2023-06-10 09:29:39 +0000,83
2023-06-10 09:29:44 +0000,2023-06-10 09:29:44 +0000,79
2023-06-10 09:29:49 +0000,2023-06-10 09:29:49 +0000,81
2023-06-10 09:29:56 +0000,2023-06-10 09:29:56 +0000,78
2023-06-10 09:30:01 +0000,2023-06-10 09:30:01 +0000,83
2023-06-10 09:30:06 +0000,2023-06-10 09:30:06 +0000,77
2023-06-10 09:30:13 +0000,2023-06-10 09:30:13 +0000,80
2023-06-10 09:30:16 +0000,2023-06-10 09:30:16 +0000,79
2023-06-10 09:30:23 +0000,2023-06-10 09:30:23 +0000,77
2023-06-10 09:30:24 +0000,2023-06-10 09:30:24 +0000,77
2023-06-10 09:30:29 +0000,2023-06-10 09:30:29 +0000,78
2023-06-10 09:30:35 +0000,2023-06-10 09:30:35 +0000,82
2023-06-10 09:30:39 +0000,2023-06-10 09:30:39 +0000,81
2023-06-10 09:30:45 +0000,2023-06-10 09:30:45 +0000,86
2023-06-10 09:30:52 +0000,2023-06-10 09:30:52 +0000,87
2023-06-10 09:30:58 +0000,2023-06-10 09:30:58 +0000,90
2023-06-10 09:30:59 +0000,2023-06-10 09:30:59 +0000,90
2023-06-10 09:31:08 +0000,2023-06-10 09:31:08 +0000,82
2023-06-10 09:31:12 +0000,2023-06-10 09:31:12 +0000,85
2023-06-10 09:31:15 +0000,2023-06-10 09:31:15 +0000,86
2023-06-10 09:31:23 +0000,2023-06-10 09:31:23 +0000,79
2023-06-10 09:31:27 +0000,2023-06-10 09:31:27 +0000,79
2023-06-10 09:31:33 +0000,2023-06-10 09:31:33 +0000,82
2023-06-10 09:31:34 +0000,2023-06-10 09:31:34 +0000,83
2023-06-10 09:31:41 +0000,2023-06-10 09:31:41 +0000,85
2023-06-10 09:31:44 +0000,2023-06-10 09:31:44 +0000,86
2023-06-10 09:31:53 +0000,2023-06-10 09:31:53 +0000,89
2023-06-10 09:31:58 +0000,2023-06-10 09:31:58 +0000,87
2023-06-10 09:32:01 +0000,2023-06-10 09:32:01 +0000,87
2023-06-10 09:32:04 +0000,2023-06-10 09:32:04 +0000,88
2023-06-10 09:32:13 +0000,2023-06-10 09:32:13 +0000,98
2023-06-10 09:32:17 +0000,2023-06-10 09:32:17 +0000,100
2023-06-10 09:32:19 +0000,2023-06-10 09:32:19 +0000,99
2023-06-10 09:32:24 +0000,2023-06-10 09:32:24 +0000,97
2023-06-10 09:32:33 +0000,2023-06-10 09:32:33 +0000,93
2023-06-10 09:32:35 +0000,2023-06-10 09:32:35 +0000,92
2023-06-10 09:32:39 +0000,2023-06-10 09:32:39 +0000,93
2023-06-10 09:32:45 +0000,2023-06-10 09:32:45 +0000,103
2023-06-10 09:32:49 +0000,2023-06-10 09:32:49 +0000,99
2023-06-10 09:32:58 +0000,2023-06-10 09:32:58 +0000,91
2023-06-10 09:32:59 +0000,2023-06-10 09:32:59 +0000,92
2023-06-10 09:33:08 +0000,2023-06-10 09:33:08 +0000,82
2023-06-10 09:33:11 +0000,2023-06-10 09:33:11 +0000,81
2023-06-10 09:33:14 +0000,2023-06-10 09:33:14 +0000,84
2023-06-10 09:33:23 +0000,2023-06-10 09:33:23 +0000,87
2023-06-10 09:33:25 +0000,2023-06-10 09:33:25 +0000,88
2023-06-10 09:33:33 +0000,2023-06-10 09:33:33 +0000,98
2023-06-10 09:33:38 +0000,2023-06-10 09:33:38 +0000,102
2023-06-10 09:33:39 +0000,2023-06-10 09:33:39 +0000,103
2023-06-10 09:33:46 +0000,2023-06-10 09:33:46 +0000,106
2023-06-10 09:33:50 +0000,2023-06-10 09:33:50 +0000,107
2023-06-10 09:33:54 +0000,2023-06-10 09:33:54 +0000,110
2023-06-10 09:34:00 +0000,2023-06-10 09:34:00 +0000,110
2023-06-10 09:34:08 +0000,2023-06-10 09:34:08 +0000,106
2023-06-10 09:34:09 +0000,2023-06-10 09:34:09 +0000,106
2023-06-10 09:34:14 +0000,2023-06-10 09:34:14 +0000,109
2023-06-10 09:34:19 +0000,2023-06-10 09:34:19 +0000,111
2023-06-10 09:34:28 +0000,2023-06-10 09:34:28 +0000,101
2023-06-10 09:34:29 +0000,2023-06-10 09:34:29 +0000,100
2023-06-10 09:34:37 +0000,2023-06-10 09:34:37 +0000,95
2023-06-10 09:34:40 +0000,2023-06-10 09:34:40 +0000,97
2023-06-10 09:34:47 +0000,2023-06-10 09:34:47 +0000,96
2023-06-10 09:34:53 +0000,2023-06-10 09:34:53 +0000,103
2023-06-10 09:34:58 +0000,2023-06-10 09:34:58 +0000,109
2023-06-10 09:34:59 +0000,2023-06-10 09:34:59 +0000,109
2023-06-10 09:35:07 +0000,2023-06-10 09:35:07 +0000,108
2023-06-10 09:35:12 +0000,2023-06-10 09:35:12 +0000,114
2023-06-10 09:35:17 +0000,2023-06-10 09:35:17 +0000,114
2023-06-10 09:35:20 +0000,2023-06-10 09:35:20 +0000,116
2023-06-10 09:35:25 +0000,2023-06-10 09:35:25 +0000,120
2023-06-10 09:35:32 +0000,2023-06-10 09:35:32 +0000,121
2023-06-10 09:35:38 +0000,2023-06-10 09:35:38 +0000,122
2023-06-10 09:35:39 +0000,2023-06-10 09:35:39 +0000,122
2023-06-10 09:35:47 +0000,2023-06-10 09:35:47 +0000,119
2023-06-10 09:35:50 +0000,2023-06-10 09:35:50 +0000,116
2023-06-10 09:35:56 +0000,2023-06-10 09:35:56 +0000,108
2023-06-10 09:36:03 +0000,2023-06-10 09:36:03 +0000,100
2023-06-10 09:36:08 +0000,2023-06-10 09:36:08 +0000,102
2023-06-10 09:36:13 +0000,2023-06-10 09:36:13 +0000,102
2023-06-10 09:36:14 +0000,2023-06-10 09:36:14 +0000,103
2023-06-10 09:36:21 +0000,2023-06-10 09:36:21 +0000,94
2023-06-10 09:36:26 +0000,2023-06-10 09:36:26 +0000,90
2023-06-10 09:36:30 +0000,2023-06-10 09:36:30 +0000,92
2023-06-10 09:36:37 +0000,2023-06-10 09:36:37 +0000,87
2023-06-10 09:36:41 +0000,2023-06-10 09:36:41 +0000,91
2023-06-10 09:36:48 +0000,2023-06-10 09:36:48 +0000,84
2023-06-10 09:36:53 +0000,2023-06-10 09:36:53 +0000,86
2023-06-10 09:36:58 +0000,2023-06-10 09:36:58 +0000,85
2023-06-10 09:36:59 +0000,2023-06-10 09:36:59 +0000,86
2023-06-10 09:37:08 +0000,2023-06-10 09:37:08 +0000,81
2023-06-10 09:37:12 +0000,2023-06-10 09:37:12 +0000,80
2023-06-10 09:37:14 +0000,2023-06-10 09:37:14 +0000,81
2023-06-10 09:37:23 +0000,2023-06-10 09:37:23 +0000,81
2023-06-10 09:37:25 +0000,2023-06-10 09:37:25 +0000,80
2023-06-10 09:37:33 +0000,2023-06-10 09:37:33 +0000,81
2023-06-10 09:37:38 +0000,2023-06-10 09:37:38 +0000,80
2023-06-10 09:37:40 +0000,2023-06-10 09:37:40 +0000,80
2023-06-10 09:37:44 +0000,2023-06-10 09:37:44 +0000,81
2023-06-10 09:37:53 +0000,2023-06-10 09:37:53 +0000,86
2023-06-10 09:37:58 +0000,2023-06-10 09:37:58 +0000,84
2023-06-10 09:38:03 +0000,2023-06-10 09:38:03 +0000,84
2023-06-10 09:38:06 +0000,2023-06-10 09:38:06 +0000,85
2023-06-10 09:38:12 +0000,2023-06-10 09:38:12 +0000,88
2023-06-10 09:38:15 +0000,2023-06-10 09:38:15 +0000,86
2023-06-10 09:38:21 +0000,2023-06-10 09:38:21 +0000,88
2023-06-10 09:38:24 +0000,2023-06-10 09:38:24 +0000,91
2023-06-10 09:38:33 +0000,2023-06-10 09:38:33 +0000,96
2023-06-10 09:38:38 +0000,2023-06-10 09:38:38 +0000,92
2023-06-10 09:38:41 +0000,2023-06-10 09:38:41 +0000,89
2023-06-10 09:38:45 +0000,2023-06-10 09:38:45 +0000,89
2023-06-10 09:38:53 +0000,2023-06-10 09:38:53 +0000,82
2023-06-10 09:38:55 +0000,2023-06-10 09:38:55 +0000,82
2023-06-10 09:39:03 +0000,2023-06-10 09:39:03 +0000,81
2023-06-10 09:39:04 +0000,2023-06-10 09:39:04 +0000,80
2023-06-10 09:39:09 +0000,2023-06-10 09:39:09 +0000,84
2023-06-10 09:39:14 +0000,2023-06-10 09:39:14 +0000,84
2023-06-10 09:39:21 +0000,2023-06-10 09:39:21 +0000,89
2023-06-10 09:39:28 +0000,2023-06-10 09:39:28 +0000,82
2023-06-10 09:39:29 +0000,2023-06-10 09:39:29 +0000,83
2023-06-10 09:39:35 +0000,2023-06-10 09:39:35 +0000,85
2023-06-10 09:39:39 +0000,2023-06-10 09:39:39 +0000,84
2023-06-10 09:39:44 +0000,2023-06-10 09:39:44 +0000,87
2023-06-10 09:39:53 +0000,2023-06-10 09:39:53 +0000,88
2023-06-10 09:39:57 +0000,2023-06-10 09:39:57 +0000,89
2023-06-10 09:40:03 +0000,2023-06-10 09:40:03 +0000,86
2023-06-10 09:40:08 +0000,2023-06-10 09:40:08 +0000,87
2023-06-10 09:40:11 +0000,2023-06-10 09:40:11 +0000,87
2023-06-10 09:40:14 +0000,2023-06-10 09:40:14 +0000,86
2023-06-10 09:40:19 +0000,2023-06-10 09:40:19 +0000,88
2023-06-10 09:40:25 +0000,2023-06-10 09:40:25 +0000,91
2023-06-10 09:40:29 +0000,2023-06-10 09:40:29 +0000,90
2023-06-10 09:40:38 +0000,2023-06-10 09:40:38 +0000,89
2023-06-10 09:40:43 +0000,2023-06-10 09:40:43 +0000,85
2023-06-10 09:40:48 +0000,2023-06-10 09:40:48 +0000,82
2023-06-10 09:40:51 +0000,2023-06-10 09:40:51 +0000,82
2023-06-10 09:40:58 +0000,2023-06-10 09:40:58 +0000,77
2023-06-10 09:40:59 +0000,2023-06-10 09:40:59 +0000,77
2023-06-10 09:41:06 +0000,2023-06-10 09:41:06 +0000,82
2023-06-10 09:41:09 +0000,2023-06-10 09:41:09 +0000,84
2023-06-10 09:41:15 +0000,2023-06-10 09:41:15 +0000,85
2023-06-10 09:41:22 +0000,2023-06-10 09:41:22 +0000,81
2023-06-10 09:41:26 +0000,2023-06-10 09:41:26 +0000,79
2023-06-10 09:41:29 +0000,2023-06-10 09:41:29 +0000,79
2023-06-10 09:41:37 +0000,2023-06-10 09:41:37 +0000,81
2023-06-10 09:41:43 +0000,2023-06-10 09:41:43 +0000,75
2023-06-10 09:41:45 +0000,2023-06-10 09:41:45 +0000,75
2023-06-10 09:41:53 +0000,2023-06-10 09:41:53 +0000,73
2023-06-10 09:41:58 +0000,2023-06-10 09:41:58 +0000,71
2023-06-10 09:42:03 +0000,2023-06-10 09:42:03 +0000,71
2023-06-10 09:42:04 +0000,2023-06-10 09:42:04 +0000,72
2023-06-10 09:42:13 +0000,2023-06-10 09:42:13 +0000,68
2023-06-10 09:42:14 +0000,2023-06-10 09:42:14 +0000,68
2023-06-10 09:42:23 +0000,2023-06-10 09:42:23 +0000,71
2023-06-10 09:42:24 +0000,2023-06-10 09:42:24 +0000,70
2023-06-10 09:42:31 +0000,2023-06-10 09:42:31 +0000,71
2023-06-10 09:42:38 +0000,2023-06-10 09:42:38 +0000,65
2023-06-10 09:42:43 +0000,2023-06-10 09:42:43 +0000,67
2023-06-10 09:42:46 +0000,2023-06-10 09:42:46 +0000,69
2023-06-10 09:42:52 +0000,2023-06-10 09:42:52 +0000,68
2023-06-10 09:42:58 +0000,2023-06-10 09:42:58 +0000,68
2023-06-10 09:43:02 +0000,2023-06-10 09:43:02 +0000,68
2023-06-10 09:43:04 +0000,2023-06-10 09:43:04 +0000,68
2023-06-10 09:43:10 +0000,2023-06-10 09:43:10 +0000,67
2023-06-10 09:43:18 +0000,2023-06-10 09:43:18 +0000,70
2023-06-10 09:43:19 +0000,2023-06-10 09:43:19 +0000,70
2023-06-10 09:43:28 +0000,2023-06-10 09:43:28 +0000,67
2023-06-10 09:43:32 +0000,2023-06-10 09:43:32 +0000,66
2023-06-10 09:43:35 +0000,2023-06-10 09:43:35 +0000,66
2023-06-10 09:43:43 +0000,2023-06-10 09:43:43 +0000,69
2023-06-10 09:43:44 +0000,2023-06-10 09:43:44 +0000,69
2023-06-10 09:43:51 +0000,2023-06-10 09:43:51 +0000,73
2023-06-10 09:43:57 +0000,2023-06-10 09:43:57 +0000,69
2023-06-10 09:44:03 +0000,2023-06-10 09:44:03 +0000,68
2023-06-10 09:44:06 +0000,2023-06-10 09:44:06 +0000,69
2023-06-10 09:44:11 +0000,2023-06-10 09:44:11 +0000,68
2023-06-10 09:44:17 +0000,2023-06-10 09:44:17 +0000,66
2023-06-10 09:44:20 +0000,2023-06-10 09:44:20 +0000,67
2023-06-10 09:44:25 +0000,2023-06-10 09:44:25 +0000,70
2023-06-10 09:44:30 +0000,2023-06-10 09:44:30 +0000,70
2023-06-10 09:44:34 +0000,2023-06-10 09:44:34 +0000,70
2023-06-10 09:44:41 +0000,2023-06-10 09:44:41 +0000,69
2023-06-10 09:44:46 +0000,2023-06-10 09:44:46 +0000,70
2023-06-10 09:44:53 +0000,2023-06-10 09:44:53 +0000,70
2023-06-10 09:44:54 +0000,2023-06-10 09:44:54 +0000,69
2023-06-10 09:45:03 +0000,2023-06-10 09:45:03 +0000,63
2023-06-10 09:45:05 +0000,2023-06-10 09:45:05 +0000,63
2023-06-10 09:45:09 +0000,2023-06-10 09:45:09 +0000,64
2023-06-10 09:45:17 +0000,2023-06-10 09:45:17 +0000,63
2023-06-10 09:45:19 +0000,2023-06-10 09:45:19 +0000,64
2023-06-10 09:45:28 +0000,2023-06-10 09:45:28 +0000,74
2023-06-10 09:45:32 +0000,2023-06-10 09:45:32 +0000,75
2023-06-10 09:45:38 +0000,2023-06-10 09:45:38 +0000,76
2023-06-10 09:45:40 +0000,2023-06-10 09:45:40 +0000,75
2023-06-10 09:45:47 +0000,2023-06-10 09:45:47 +0000,71
2023-06-10 09:45:50 +0000,2023-06-10 09:45:50 +0000,70
2023-06-10 09:45:58 +0000,2023-06-10 09:45:58 +0000,67
2023-06-10 09:45:59 +0000,2023-06-10 09:45:59 +0000,67
2023-06-10 09:46:05 +0000,2023-06-10 09:46:05 +0000,66
2023-06-10 09:46:11 +0000,2023-06-10 09:46:11 +0000,69
2023-06-10 09:46:14 +0000,2023-06-10 09:46:14 +0000,67
2023-06-10 09:46:23 +0000,2023-06-10 09:46:23 +0000,64
2023-06-10 09:46:25 +0000,2023-06-10 09:46:25 +0000,64
2023-06-10 09:46:33 +0000,2023-06-10 09:46:33 +0000,65
2023-06-10 09:46:38 +0000,2023-06-10 09:46:38 +0000,67
2023-06-10 09:46:39 +0000,2023-06-10 09:46:39 +0000,67
2023-06-10 09:46:44 +0000,2023-06-10 09:46:44 +0000,66
2023-06-10 09:46:53 +0000,2023-06-10 09:46:53 +0000,64
2023-06-10 09:46:56 +0000,2023-06-10 09:46:56 +0000,65
2023-06-10 09:47:00 +0000,2023-06-10 09:47:00 +0000,67
2023-06-10 09:47:07 +0000,2023-06-10 09:47:07 +0000,68
2023-06-10 09:47:12 +0000,2023-06-10 09:47:12 +0000,68
2023-06-10 09:47:16 +0000,2023-06-10 09:47:16 +0000,68
2023-06-10 09:47:23 +0000,2023-06-10 09:47:23 +0000,66
2023-06-10 09:47:24 +0000,2023-06-10 09:47:24 +0000,65
2023-06-10 09:47:29 +0000,2023-06-10 09:47:29 +0000,67
2023-06-10 09:47:36 +0000,2023-06-10 09:47:36 +0000,69
2023-06-10 09:47:43 +0000,2023-06-10 09:47:43 +0000,70
2023-06-10 09:47:47 +0000,2023-06-10 09:47:47 +0000,71
2023-06-10 09:47:53 +0000,2023-06-10 09:47:53 +0000,69
2023-06-10 09:47:54 +0000,2023-06-10 09:47:54 +0000,69
2023-06-10 09:48:01 +0000,2023-06-10 09:48:01 +0000,74
2023-06-10 09:48:07 +0000,2023-06-10 09:48:07 +0000,71
2023-06-10 09:48:11 +0000,2023-06-10 09:48:11 +0000,71
2023-06-10 09:48:14 +0000,2023-06-10 09:48:14 +0000,71
2023-06-10 09:48:19 +0000,2023-06-10 09:48:19 +0000,70
2023-06-10 09:48:28 +0000,2023-06-10 09:48:28 +0000,66
2023-06-10 09:48:33 +0000,2023-06-10 09:48:33 +0000,66
2023-06-10 09:48:35 +0000,2023-06-10 09:48:35 +0000,66
2023-06-10 09:48:43 +0000,2023-06-10 09:48:43 +0000,65
2023-06-10 09:48:47 +0000,2023-06-10 09:48:47 +0000,66
2023-06-10 09:48:53 +0000,2023-06-10 09:48:53 +0000,66
2023-06-10 09:48:54 +0000,2023-06-10 09:48:54 +0000,66
2023-06-10 09:48:59 +0000,2023-06-10 09:48:59 +0000,67
2023-06-10 09:49:08 +0000,2023-06-10 09:49:08 +0000,77
2023-06-10 09:49:09 +0000,2023-06-10 09:49:09 +0000,78
2023-06-10 09:49:18 +0000,2023-06-10 09:49:18 +0000,89
2023-06-10 09:49:20 +0000,2023-06-10 09:49:20 +0000,89
2023-06-10 09:49:24 +0000,2023-06-10 09:49:24 +0000,81
2023-06-10 09:49:33 +0000,2023-06-10 09:49:33 +0000,72
2023-06-10 09:49:38 +0000,2023-06-10 09:49:38 +0000,70
2023-06-10 09:49:39 +0000,2023-06-10 09:49:39 +0000,70
2023-06-10 09:49:47 +0000,2023-06-10 09:49:47 +0000,71
2023-06-10 09:49:53 +0000,2023-06-10 09:49:53 +0000,77
2023-06-10 09:49:58 +0000,2023-06-10 09:49:58 +0000,78
2023-06-10 09:50:03 +0000,2023-06-10 09:50:03 +0000,80
2023-06-10 09:50:04 +0000,2023-06-10 09:50:04 +0000,80
2023-06-10 09:50:13 +0000,2023-06-10 09:50:13 +0000,87
2023-06-10 09:50:18 +0000,2023-06-10 09:50:18 +0000,90
2023-06-10 09:50:21 +0000,2023-06-10 09:50:21 +0000,91
2023-06-10 09:50:24 +0000,2023-06-10 09:50:24 +0000,89
2023-06-10 09:50:33 +0000,2023-06-10 09:50:33 +0000,85
2023-06-10 09:50:34 +0000,2023-06-10 09:50:34 +0000,85
2023-06-10 09:50:39 +0000,2023-06-10 09:50:39 +0000,84
2023-06-10 09:50:44 +0000,2023-06-10 09:50:44 +0000,85
2023-06-10 09:50:52 +0000,2023-06-10 09:50:52 +0000,79
2023-06-10 09:50:58 +0000,2023-06-10 09:50:58 +0000,77
2023-06-10 09:51:03 +0000,2023-06-10 09:51:03 +0000,79
2023-06-10 09:51:04 +0000,2023-06-10 09:51:04 +0000,80
2023-06-10 09:51:13 +0000,2023-06-10 09:51:13 +0000,77
2023-06-10 09:51:14 +0000,2023-06-10 09:51:14 +0000,78
2023-06-10 09:51:23 +0000,2023-06-10 09:51:23 +0000,87
2023-06-10 09:51:28 +0000,2023-06-10 09:51:28 +0000,90
2023-06-10 09:51:33 +0000,2023-06-10 09:51:33 +0000,92
2023-06-10 09:51:34 +0000,2023-06-10 09:51:34 +0000,92
2023-06-10 09:51:39 +0000,2023-06-10 09:51:39 +0000,92
2023-06-10 09:51:44 +0000,2023-06-10 09:51:44 +0000,91
2023-06-10 09:51:50 +0000,2023-06-10 09:51:50 +0000,93
2023-06-10 09:51:54 +0000,2023-06-10 09:51:54 +0000,93
2023-06-10 09:52:02 +0000,2023-06-10 09:52:02 +0000,94
2023-06-10 09:52:04 +0000,2023-06-10 09:52:04 +0000,94
2023-06-10 09:52:13 +0000,2023-06-10 09:52:13 +0000,92
2023-06-10 09:52:16 +0000,2023-06-10 09:52:16 +0000,91
2023-06-10 09:52:22 +0000,2023-06-10 09:52:22 +0000,89
2023-06-10 09:52:24 +0000,2023-06-10 09:52:24 +0000,89
2023-06-10 09:52:31 +0000,2023-06-10 09:52:31 +0000,88
2023-06-10 09:52:37 +0000,2023-06-10 09:52:37 +0000,84
2023-06-10 09:52:39 +0000,2023-06-10 09:52:39 +0000,84
2023-06-10 09:52:44 +0000,2023-06-10 09:52:44 +0000,84
2023-06-10 09:52:53 +0000,2023-06-10 09:52:53 +0000,86
2023-06-10 09:52:58 +0000,2023-06-10 09:52:58 +0000,89
2023-06-10 09:53:00 +0000,2023-06-10 09:53:00 +0000,88
2023-06-10 09:53:07 +0000,2023-06-10 09:53:07 +0000,88
2023-06-10 09:53:10 +0000,2023-06-10 09:53:10 +0000,86
2023-06-10 09:53:14 +0000,2023-06-10 09:53:14 +0000,84
2023-06-10 09:53:19 +0000,2023-06-10 09:53:19 +0000,94
2023-06-10 09:53:33 +0000,2023-06-10 09:53:33 +0000,119
2023-06-10 09:53:38 +0000,2023-06-10 09:53:38 +0000,130
2023-06-10 09:53:40 +0000,2023-06-10 09:53:40 +0000,130
2023-06-10 09:53:46 +0000,2023-06-10 09:53:46 +0000,129
2023-06-10 09:53:50 +0000,2023-06-10 09:53:50 +0000,129
2023-06-10 09:53:54 +0000,2023-06-10 09:53:54 +0000,132
2023-06-10 09:54:03 +0000,2023-06-10 09:54:03 +0000,135
2023-06-10 09:54:07 +0000,2023-06-10 09:54:07 +0000,137
2023-06-10 09:54:11 +0000,2023-06-10 09:54:11 +0000,138
2023-06-10 09:54:14 +0000,2023-06-10 09:54:14 +0000,142
2023-06-10 09:54:20 +0000,2023-06-10 09:54:20 +0000,142
2023-06-10 09:54:25 +0000,2023-06-10 09:54:25 +0000,144
2023-06-10 09:54:32 +0000,2023-06-10 09:54:32 +0000,145
2023-06-10 09:54:34 +0000,2023-06-10 09:54:34 +0000,146
2023-06-10 09:54:39 +0000,2023-06-10 09:54:39 +0000,146
2023-06-10 09:54:45 +0000,2023-06-10 09:54:45 +0000,146
2023-06-10 09:54:49 +0000,2023-06-10 09:54:49 +0000,146
2023-06-10 09:54:57 +0000,2023-06-10 09:54:57 +0000,147
2023-06-10 09:55:03 +0000,2023-06-10 09:55:03 +0000,151
2023-06-10 09:55:08 +0000,2023-06-10 09:55:08 +0000,154
2023-06-10 09:55:09 +0000,2023-06-10 09:55:09 +0000,154
2023-06-10 09:55:17 +0000,2023-06-10 09:55:17 +0000,154
2023-06-10 09:55:22 +0000,2023-06-10 09:55:22 +0000,158
2023-06-10 09:55:24 +0000,2023-06-10 09:55:24 +0000,158
2023-06-10 09:55:29 +0000,2023-06-10 09:55:29 +0000,159
2023-06-10 09:55:36 +0000,2023-06-10 09:55:36 +0000,158
2023-06-10 09:55:43 +0000,2023-06-10 09:55:43 +0000,159
2023-06-10 09:55:44 +0000,2023-06-10 09:55:44 +0000,160
2023-06-10 09:55:50 +0000,2023-06-10 09:55:50 +0000,160
2023-06-10 09:55:58 +0000,2023-06-10 09:55:58 +0000,158
2023-06-10 09:56:03 +0000,2023-06-10 09:56:03 +0000,160
2023-06-10 09:56:08 +0000,2023-06-10 09:56:08 +0000,159
2023-06-10 09:56:13 +0000,2023-06-10 09:56:13 +0000,159
2023-06-10 09:56:14 +0000,2023-06-10 09:56:14 +0000,160
2023-06-10 09:56:22 +0000,2023-06-10 09:56:22 +0000,159
2023-06-10 09:56:24 +0000,2023-06-10 09:56:24 +0000,159
2023-06-10 09:56:31 +0000,2023-06-10 09:56:31 +0000,158
2023-06-10 09:56:37 +0000,2023-06-10 09:56:37 +0000,158
2023-06-10 09:56:39 +0000,2023-06-10 09:56:39 +0000,158
2023-06-10 09:56:47 +0000,2023-06-10 09:56:47 +0000,159
2023-06-10 09:56:53 +0000,2023-06-10 09:56:53 +0000,160
2023-06-10 09:56:55 +0000,2023-06-10 09:56:55 +0000,160
2023-06-10 09:57:03 +0000,2023-06-10 09:57:03 +0000,162
2023-06-10 09:57:06 +0000,2023-06-10 09:57:06 +0000,163
2023-06-10 09:57:11 +0000,2023-06-10 09:57:11 +0000,163
2023-06-10 09:57:18 +0000,2023-06-10 09:57:18 +0000,163
2023-06-10 09:57:20 +0000,2023-06-10 09:57:20 +0000,163
2023-06-10 09:57:24 +0000,2023-06-10 09:57:24 +0000,163
2023-06-10 09:57:31 +0000,2023-06-10 09:57:31 +0000,163
2023-06-10 09:57:34 +0000,2023-06-10 09:57:34 +0000,163
2023-06-10 09:57:40 +0000,2023-06-10 09:57:40 +0000,162
2023-06-10 09:57:44 +0000,2023-06-10 09:57:44 +0000,163
2023-06-10 09:57:53 +0000,2023-06-10 09:57:53 +0000,163
2023-06-10 09:57:58 +0000,2023-06-10 09:57:58 +0000,164
2023-06-10 09:58:00 +0000,2023-06-10 09:58:00 +0000,164
2023-06-10 09:58:06 +0000,2023-06-10 09:58:06 +0000,165
2023-06-10 09:58:13 +0000,2023-06-10 09:58:13 +0000,167
2023-06-10 09:58:16 +0000,2023-06-10 09:58:16 +0000,166
2023-06-10 09:58:20 +0000,2023-06-10 09:58:20 +0000,166
2023-06-10 09:58:24 +0000,2023-06-10 09:58:24 +0000,165
2023-06-10 09:58:32 +0000,2023-06-10 09:58:32 +0000,164
2023-06-10 09:58:34 +0000,2023-06-10 09:58:34 +0000,164
2023-06-10 09:58:43 +0000,2023-06-10 09:58:43 +0000,165
2023-06-10 09:58:44 +0000,2023-06-10 09:58:44 +0000,165
2023-06-10 09:58:51 +0000,2023-06-10 09:58:51 +0000,165
2023-06-10 09:58:55 +0000,2023-06-10 09:58:55 +0000,165
2023-06-10 09:59:00 +0000,2023-06-10 09:59:00 +0000,164
2023-06-10 09:59:07 +0000,2023-06-10 09:59:07 +0000,165
2023-06-10 09:59:11 +0000,2023-06-10 09:59:11 +0000,164
2023-06-10 09:59:17 +0000,2023-06-10 09:59:17 +0000,163
2023-06-10 09:59:19 +0000,2023-06-10 09:59:19 +0000,163
2023-06-10 09:59:24 +0000,2023-06-10 09:59:24 +0000,165
2023-06-10 09:59:30 +0000,2023-06-10 09:59:30 +0000,165
2023-06-10 09:59:36 +0000,2023-06-10 09:59:36 +0000,166
2023-06-10 09:59:41 +0000,2023-06-10 09:59:41 +0000,166
2023-06-10 09:59:45 +0000,2023-06-10 09:59:45 +0000,165
2023-06-10 09:59:53 +0000,2023-06-10 09:59:53 +0000,165
2023-06-10 09:59:56 +0000,2023-06-10 09:59:56 +0000,166
2023-06-10 10:00:02 +0000,2023-06-10 10:00:02 +0000,166
2023-06-10 10:00:08 +0000,2023-06-10 10:00:08 +0000,166
2023-06-10 10:00:09 +0000,2023-06-10 10:00:09 +0000,166
2023-06-10 10:00:18 +0000,2023-06-10 10:00:18 +0000,166
2023-06-10 10:00:19 +0000,2023-06-10 10:00:19 +0000,166
2023-06-10 10:00:27 +0000,2023-06-10 10:00:27 +0000,166
2023-06-10 10:00:33 +0000,2023-06-10 10:00:33 +0000,166
2023-06-10 10:00:38 +0000,2023-06-10 10:00:38 +0000,165
2023-06-10 10:00:40 +0000,2023-06-10 10:00:40 +0000,166
2023-06-10 10:00:46 +0000,2023-06-10 10:00:46 +0000,165
2023-06-10 10:00:53 +0000,2023-06-10 10:00:53 +0000,166
2023-06-10 10:00:56 +0000,2023-06-10 10:00:56 +0000,166
2023-06-10 10:01:01 +0000,2023-06-10 10:01:01 +0000,167
2023-06-10 10:01:05 +0000,2023-06-10 10:01:05 +0000,164
2023-06-10 10:01:09 +0000,2023-06-10 10:01:09 +0000,159
2023-06-10 10:01:15 +0000,2023-06-10 10:01:15 +0000,158
2023-06-10 10:01:20 +0000,2023-06-10 10:01:20 +0000,159
2023-06-10 10:01:25 +0000,2023-06-10 10:01:25 +0000,157
2023-06-10 10:01:33 +0000,2023-06-10 10:01:33 +0000,151
2023-06-10 10:01:35 +0000,2023-06-10 10:01:35 +0000,150
2023-06-10 10:01:39 +0000,2023-06-10 10:01:39 +0000,149
2023-06-10 10:01:48 +0000,2023-06-10 10:01:48 +0000,145
2023-06-10 10:01:49 +0000,2023-06-10 10:01:49 +0000,145
2023-06-10 10:01:54 +0000,2023-06-10 10:01:54 +0000,140
2023-06-10 10:02:03 +0000,2023-06-10 10:02:03 +0000,133
2023-06-10 10:02:06 +0000,2023-06-10 10:02:06 +0000,135
2023-06-10 10:02:13 +0000,2023-06-10 10:02:13 +0000,129
2023-06-10 10:02:14 +0000,2023-06-10 10:02:14 +0000,129
2023-06-10 10:02:21 +0000,2023-06-10 10:02:21 +0000,136
2023-06-10 10:02:24 +0000,2023-06-10 10:02:24 +0000,138
2023-06-10 10:02:33 +0000,2023-06-10 10:02:33 +0000,122
2023-06-10 10:02:36 +0000,2023-06-10 10:02:36 +0000,122
2023-06-10 10:02:42 +0000,2023-06-10 10:02:42 +0000,119
2023-06-10 10:02:47 +0000,2023-06-10 10:02:47 +0000,111
2023-06-10 10:02:52 +0000,2023-06-10 10:02:52 +0000,107
2023-06-10 10:02:55 +0000,2023-06-10 10:02:55 +0000,108
2023-06-10 10:03:03 +0000,2023-06-10 10:03:03 +0000,102
2023-06-10 10:03:08 +0000,2023-06-10 10:03:08 +0000,99
2023-06-10 10:03:10 +0000,2023-06-10 10:03:10 +0000,100
2023-06-10 10:03:14 +0000,2023-06-10 10:03:14 +0000,100
2023-06-10 10:03:19 +0000,2023-06-10 10:03:19 +0000,97
2023-06-10 10:03:27 +0000,2023-06-10 10:03:27 +0000,91
2023-06-10 10:03:33 +0000,2023-06-10 10:03:33 +0000,93
2023-06-10 10:03:36 +0000,2023-06-10 10:03:36 +0000,92
2023-06-10 10:03:43 +0000,2023-06-10 10:03:43 +0000,93
2023-06-10 10:03:45 +0000,2023-06-10 10:03:45 +0000,92
2023-06-10 10:03:49 +0000,2023-06-10 10:03:49 +0000,91
2023-06-10 10:03:57 +0000,2023-06-10 10:03:57 +0000,89
2023-06-10 10:04:03 +0000,2023-06-10 10:04:03 +0000,92
2023-06-10 10:04:05 +0000,2023-06-10 10:04:05 +0000,91
2023-06-10 10:04:12 +0000,2023-06-10 10:04:12 +0000,89
2023-06-10 10:04:14 +0000,2023-06-10 10:04:14 +0000,89
2023-06-10 10:04:20 +0000,2023-06-10 10:04:20 +0000,91
2023-06-10 10:04:27 +0000,2023-06-10 10:04:27 +0000,88
2023-06-10 10:04:30 +0000,2023-06-10 10:04:30 +0000,88
2023-06-10 10:04:35 +0000,2023-06-10 10:04:35 +0000,90
2023-06-10 10:04:39 +0000,2023-06-10 10:04:39 +0000,92
2023-06-10 10:04:44 +0000,2023-06-10 10:04:44 +0000,89
2023-06-10 10:04:53 +0000,2023-06-10 10:04:53 +0000,102
2023-06-10 10:04:57 +0000,2023-06-10 10:04:57 +0000,102
2023-06-10 10:05:00 +0000,2023-06-10 10:05:00 +0000,100
2023-06-10 10:05:08 +0000,2023-06-10 10:05:08 +0000,104
2023-06-10 10:05:13 +0000,2023-06-10 10:05:13 +0000,101
2023-06-10 10:05:14 +0000,2023-06-10 10:05:14 +0000,100
2023-06-10 10:05:22 +0000,2023-06-10 10:05:22 +0000,103
2023-06-10 10:05:28 +0000,2023-06-10 10:05:28 +0000,97
2023-06-10 10:05:29 +0000,2023-06-10 10:05:29 +0000,96
2023-06-10 10:05:37 +0000,2023-06-10 10:05:37 +0000,91
2023-06-10 10:05:39 +0000,2023-06-10 10:05:39 +0000,90
2023-06-10 10:05:47 +0000,2023-06-10 10:05:47 +0000,100
2023-06-10 10:05:53 +0000,2023-06-10 10:05:53 +0000,98
2023-06-10 10:05:55 +0000,2023-06-10 10:05:55 +0000,98
2023-06-10 10:06:03 +0000,2023-06-10 10:06:03 +0000,99
2023-06-10 10:06:04 +0000,2023-06-10 10:06:04 +0000,98
2023-06-10 10:06:09 +0000,2023-06-10 10:06:09 +0000,97
2023-06-10 10:06:15 +0000,2023-06-10 10:06:15 +0000,102
2023-06-10 10:06:20 +0000,2023-06-10 10:06:20 +0000,100
2023-06-10 10:06:24 +0000,2023-06-10 10:06:24 +0000,104
2023-06-10 10:06:29 +0000,2023-06-10 10:06:29 +0000,98
2023-06-10 10:06:38 +0000,2023-06-10 10:06:38 +0000,96
2023-06-10 10:06:39 +0000,2023-06-10 10:06:39 +0000,95
2023-06-10 10:06:48 +0000,2023-06-10 10:06:48 +0000,95
2023-06-10 10:06:53 +0000,2023-06-10 10:06:53 +0000,96
2023-06-10 10:06:54 +0000,2023-06-10 10:06:54 +0000,96
2023-06-10 10:07:03 +0000,2023-06-10 10:07:03 +0000,96
2023-06-10 10:07:06 +0000,2023-06-10 10:07:06 +0000,94
2023-06-10 10:07:09 +0000,2023-06-10 10:07:09 +0000,93
2023-06-10 10:07:14 +0000,2023-06-10 10:07:14 +0000,97
2023-06-10 10:07:23 +0000,2023-06-10 10:07:23 +0000,97
2023-06-10 10:07:28 +0000,2023-06-10 10:07:28 +0000,97
2023-06-10 10:07:33 +0000,2023-06-10 10:07:33 +0000,96
2023-06-10 10:07:38 +0000,2023-06-10 10:07:38 +0000,96
2023-06-10 10:07:39 +0000,2023-06-10 10:07:39 +0000,97
2023-06-10 10:07:44 +0000,2023-06-10 10:07:44 +0000,99
2023-06-10 10:07:52 +0000,2023-06-10 10:07:52 +0000,95
2023-06-10 10:07:57 +0000,2023-06-10 10:07:57 +0000,99
2023-06-10 10:08:03 +0000,2023-06-10 10:08:03 +0000,109
2023-06-10 10:08:08 +0000,2023-06-10 10:08:08 +0000,118
2023-06-10 10:08:12 +0000,2023-06-10 10:08:12 +0000,121
2023-06-10 10:08:15 +0000,2023-06-10 10:08:15 +0000,123
2023-06-10 10:08:23 +0000,2023-06-10 10:08:23 +0000,127
2023-06-10 10:08:27 +0000,2023-06-10 10:08:27 +0000,127
2023-06-10 10:08:31 +0000,2023-06-10 10:08:31 +0000,127
2023-06-10 10:08:34 +0000,2023-06-10 10:08:34 +0000,127
2023-06-10 10:08:42 +0000,2023-06-10 10:08:42 +0000,122
2023-06-10 10:08:45 +0000,2023-06-10 10:08:45 +0000,122
2023-06-10 10:08:52 +0000,2023-06-10 10:08:52 +0000,125
2023-06-10 10:08:54 +0000,2023-06-10 10:08:54 +0000,128
2023-06-10 10:08:59 +0000,2023-06-10 10:08:59 +0000,130
2023-06-10 10:09:06 +0000,2023-06-10 10:09:06 +0000,134
2023-06-10 10:09:10 +0000,2023-06-10 10:09:10 +0000,135
2023-06-10 10:09:17 +0000,2023-06-10 10:09:17 +0000,135
2023-06-10 10:09:21 +0000,2023-06-10 10:09:21 +0000,133
2023-06-10 10:09:28 +0000,2023-06-10 10:09:28 +0000,132
2023-06-10 10:09:31 +0000,2023-06-10 10:09:31 +0000,133
2023-06-10 10:09:38 +0000,2023-06-10 10:09:38 +0000,139
2023-06-10 10:09:43 +0000,2023-06-10 10:09:43 +0000,141
2023-06-10 10:09:48 +0000,2023-06-10 10:09:48 +0000,143
2023-06-10 10:09:52 +0000,2023-06-10 10:09:52 +0000,142
2023-06-10 10:09:56 +0000,2023-06-10 10:09:56 +0000,142
2023-06-10 10:09:59 +0000,2023-06-10 10:09:59 +0000,142
2023-06-10 10:10:07 +0000,2023-06-10 10:10:07 +0000,142
2023-06-10 10:10:10 +0000,2023-06-10 10:10:10 +0000,142
2023-06-10 10:10:17 +0000,2023-06-10 10:10:17 +0000,142
2023-06-10 10:10:19 +0000,2023-06-10 10:10:19 +0000,143
2023-06-10 10:10:26 +0000,2023-06-10 10:10:26 +0000,143
2023-06-10 10:10:32 +0000,2023-06-10 10:10:32 +0000,144
2023-06-10 10:10:38 +0000,2023-06-10 10:10:38 +0000,143
2023-06-10 10:10:39 +0000,2023-06-10 10:10:39 +0000,143
2023-06-10 10:10:48 +0000,2023-06-10 10:10:48 +0000,142
2023-06-10 10:10:49 +0000,2023-06-10 10:10:49 +0000,141
2023-06-10 10:10:54 +0000,2023-06-10 10:10:54 +0000,139
2023-06-10 10:11:03 +0000,2023-06-10 10:11:03 +0000,141
2023-06-10 10:11:05 +0000,2023-06-10 10:11:05 +0000,141
2023-06-10 10:11:12 +0000,2023-06-10 10:11:12 +0000,140
2023-06-10 10:11:17 +0000,2023-06-10 10:11:17 +0000,137
2023-06-10 10:11:21 +0000,2023-06-10 10:11:21 +0000,138
2023-06-10 10:11:24 +0000,2023-06-10 10:11:24 +0000,139
2023-06-10 10:11:32 +0000,2023-06-10 10:11:32 +0000,138
2023-06-10 10:11:35 +0000,2023-06-10 10:11:35 +0000,139
2023-06-10 10:11:42 +0000,2023-06-10 10:11:42 +0000,136
2023-06-10 10:11:48 +0000,2023-06-10 10:11:48 +0000,141
2023-06-10 10:11:51 +0000,2023-06-10 10:11:51 +0000,139
2023-06-10 10:11:55 +0000,2023-06-10 10:11:55 +0000,139
2023-06-10 10:12:01 +0000,2023-06-10 10:12:01 +0000,139
2023-06-10 10:12:08 +0000,2023-06-10 10:12:08 +0000,136
2023-06-10 10:12:10 +0000,2023-06-10 10:12:10 +0000,136
2023-06-10 10:12:18 +0000,2023-06-10 10:12:18 +0000,138
2023-06-10 10:12:19 +0000,2023-06-10 10:12:19 +0000,138
2023-06-10 10:12:24 +0000,2023-06-10 10:12:24 +0000,138
2023-06-10 10:12:32 +0000,2023-06-10 10:12:32 +0000,139
2023-06-10 10:12:36 +0000,2023-06-10 10:12:36 +0000,138
2023-06-10 10:12:41 +0000,2023-06-10 10:12:41 +0000,138
2023-06-10 10:12:47 +0000,2023-06-10 10:12:47 +0000,136
2023-06-10 10:12:50 +0000,2023-06-10 10:12:50 +0000,135
2023-06-10 10:12:58 +0000,2023-06-10 10:12:58 +0000,133
2023-06-10 10:13:00 +0000,2023-06-10 10:13:00 +0000,133
2023-06-10 10:13:08 +0000,2023-06-10 10:13:08 +0000,136
2023-06-10 10:13:10 +0000,2023-06-10 10:13:10 +0000,136
2023-06-10 10:13:14 +0000,2023-06-10 10:13:14 +0000,138
2023-06-10 10:13:19 +0000,2023-06-10 10:13:19 +0000,141
2023-06-10 10:13:24 +0000,2023-06-10 10:13:24 +0000,143
2023-06-10 10:13:29 +0000,2023-06-10 10:13:29 +0000,144
2023-06-10 10:13:38 +0000,2023-06-10 10:13:38 +0000,146
2023-06-10 10:13:40 +0000,2023-06-10 10:13:40 +0000,147
2023-06-10 10:13:47 +0000,2023-06-10 10:13:47 +0000,145
2023-06-10 10:13:50 +0000,2023-06-10 10:13:50 +0000,146
2023-06-10 10:13:58 +0000,2023-06-10 10:13:58 +0000,145
2023-06-10 10:13:59 +0000,2023-06-10 10:13:59 +0000,145
2023-06-10 10:14:04 +0000,2023-06-10 10:14:04 +0000,143
2023-06-10 10:14:09 +0000,2023-06-10 10:14:09 +0000,141
2023-06-10 10:14:15 +0000,2023-06-10 10:14:15 +0000,139
2023-06-10 10:14:23 +0000,2023-06-10 10:14:23 +0000,137
2023-06-10 10:14:24 +0000,2023-06-10 10:14:24 +0000,137
2023-06-10 10:14:29 +0000,2023-06-10 10:14:29 +0000,138
2023-06-10 10:14:38 +0000,2023-06-10 10:14:38 +0000,142
2023-06-10 10:14:39 +0000,2023-06-10 10:14:39 +0000,142
2023-06-10 10:14:44 +0000,2023-06-10 10:14:44 +0000,143
2023-06-10 10:14:51 +0000,2023-06-10 10:14:51 +0000,143
2023-06-10 10:14:58 +0000,2023-06-10 10:14:58 +0000,141
2023-06-10 10:14:59 +0000,2023-06-10 10:14:59 +0000,141
2023-06-10 10:15:08 +0000,2023-06-10 10:15:08 +0000,132
2023-06-10 10:15:11 +0000,2023-06-10 10:15:11 +0000,132
2023-06-10 10:15:15 +0000,2023-06-10 10:15:15 +0000,129
2023-06-10 10:15:19 +0000,2023-06-10 10:15:19 +0000,125
2023-06-10 10:15:24 +0000,2023-06-10 10:15:24 +0000,123
2023-06-10 10:15:31 +0000,2023-06-10 10:15:31 +0000,124
2023-06-10 10:15:35 +0000,2023-06-10 10:15:35 +0000,121
2023-06-10 10:15:43 +0000,2023-06-10 10:15:43 +0000,121
2023-06-10 10:15:48 +0000,2023-06-10 10:15:48 +0000,120
2023-06-10 10:15:53 +0000,2023-06-10 10:15:53 +0000,125
2023-06-10 10:15:56 +0000,2023-06-10 10:15:56 +0000,127
2023-06-10 10:15:59 +0000,2023-06-10 10:15:59 +0000,129
2023-06-10 10:16:08 +0000,2023-06-10 10:16:08 +0000,129
2023-06-10 10:16:10 +0000,2023-06-10 10:16:10 +0000,129
2023-06-10 10:16:17 +0000,2023-06-10 10:16:17 +0000,127
2023-06-10 10:16:23 +0000,2023-06-10 10:16:23 +0000,128
2023-06-10 10:16:26 +0000,2023-06-10 10:16:26 +0000,128
2023-06-10 10:16:32 +0000,2023-06-10 10:16:32 +0000,130
2023-06-10 10:16:38 +0000,2023-06-10 10:16:38 +0000,132
2023-06-10 10:16:43 +0000,2023-06-10 10:16:43 +0000,133
2023-06-10 10:16:48 +0000,2023-06-10 10:16:48 +0000,133
2023-06-10 10:16:51 +0000,2023-06-10 10:16:51 +0000,134
2023-06-10 10:16:58 +0000,2023-06-10 10:16:58 +0000,134
2023-06-10 10:17:01 +0000,2023-06-10 10:17:01 +0000,133
2023-06-10 10:17:08 +0000,2023-06-10 10:17:08 +0000,125
2023-06-10 10:17:09 +0000,2023-06-10 10:17:09 +0000,124
2023-06-10 10:17:14 +0000,2023-06-10 10:17:14 +0000,123
2023-06-10 10:17:22 +0000,2023-06-10 10:17:22 +0000,117
2023-06-10 10:17:28 +0000,2023-06-10 10:17:28 +0000,108
2023-06-10 10:17:29 +0000,2023-06-10 10:17:29 +0000,107
2023-06-10 10:17:38 +0000,2023-06-10 10:17:38 +0000,120
2023-06-10 10:17:43 +0000,2023-06-10 10:17:43 +0000,123
2023-06-10 10:17:48 +0000,2023-06-10 10:17:48 +0000,126
2023-06-10 10:17:53 +0000,2023-06-10 10:17:53 +0000,130
2023-06-10 10:17:54 +0000,2023-06-10 10:17:54 +0000,130
2023-06-10 10:18:00 +0000,2023-06-10 10:18:00 +0000,131
2023-06-10 10:18:06 +0000,2023-06-10 10:18:06 +0000,134
2023-06-10 10:18:11 +0000,2023-06-10 10:18:11 +0000,137
2023-06-10 10:18:18 +0000,2023-06-10 10:18:18 +0000,135
2023-06-10 10:18:23 +0000,2023-06-10 10:18:23 +0000,134
2023-06-10 10:18:24 +0000,2023-06-10 10:18:24 +0000,134
2023-06-10 10:18:31 +0000,2023-06-10 10:18:31 +0000,129
2023-06-10 10:18:38 +0000,2023-06-10 10:18:38 +0000,126
2023-06-10 10:18:40 +0000,2023-06-10 10:18:40 +0000,125
2023-06-10 10:18:48 +0000,2023-06-10 10:18:48 +0000,119
2023-06-10 10:18:52 +0000,2023-06-10 10:18:52 +0000,124
2023-06-10 10:18:54 +0000,2023-06-10 10:18:54 +0000,124
2023-06-10 10:19:03 +0000,2023-06-10 10:19:03 +0000,121
2023-06-10 10:19:06 +0000,2023-06-10 10:19:06 +0000,122
2023-06-10 10:19:13 +0000,2023-06-10 10:19:13 +0000,125
2023-06-10 10:19:14 +0000,2023-06-10 10:19:14 +0000,125
2023-06-10 10:19:23 +0000,2023-06-10 10:19:23 +0000,125
2023-06-10 10:19:24 +0000,2023-06-10 10:19:24 +0000,125
2023-06-10 10:19:30 +0000,2023-06-10 10:19:30 +0000,121
2023-06-10 10:19:34 +0000,2023-06-10 10:19:34 +0000,121
2023-06-10 10:19:43 +0000,2023-06-10 10:19:43 +0000,133
2023-06-10 10:19:48 +0000,2023-06-10 10:19:48 +0000,135
2023-06-10 10:19:51 +0000,2023-06-10 10:19:51 +0000,137
2023-06-10 10:19:58 +0000,2023-06-10 10:19:58 +0000,135
2023-06-10 10:19:59 +0000,2023-06-10 10:19:59 +0000,135
2023-06-10 10:20:05 +0000,2023-06-10 10:20:05 +0000,138
2023-06-10 10:20:09 +0000,2023-06-10 10:20:09 +0000,137
2023-06-10 10:20:14 +0000,2023-06-10 10:20:14 +0000,140
2023-06-10 10:20:23 +0000,2023-06-10 10:20:23 +0000,139
2023-06-10 10:20:24 +0000,2023-06-10 10:20:24 +0000,138
2023-06-10 10:20:31 +0000,2023-06-10 10:20:31 +0000,123
2023-06-10 10:20:34 +0000,2023-06-10 10:20:34 +0000,121
2023-06-10 10:20:43 +0000,2023-06-10 10:20:43 +0000,113
2023-06-10 10:20:48 +0000,2023-06-10 10:20:48 +0000,112
2023-06-10 10:20:53 +0000,2023-06-10 10:20:53 +0000,109
2023-06-10 10:20:54 +0000,2023-06-10 10:20:54 +0000,109
2023-06-10 10:21:03 +0000,2023-06-10 10:21:03 +0000,111
2023-06-10 10:21:08 +0000,2023-06-10 10:21:08 +0000,103
2023-06-10 10:21:10 +0000,2023-06-10 10:21:10 +0000,103
2023-06-10 10:21:18 +0000,2023-06-10 10:21:18 +0000,99
2023-06-10 10:21:20 +0000,2023-06-10 10:21:20 +0000,100
2023-06-10 10:21:28 +0000,2023-06-10 10:21:28 +0000,106
2023-06-10 10:21:29 +0000,2023-06-10 10:21:29 +0000,107
2023-06-10 10:21:34 +0000,2023-06-10 10:21:34 +0000,105
2023-06-10 10:21:43 +0000,2023-06-10 10:21:43 +0000,106
2023-06-10 10:21:47 +0000,2023-06-10 10:21:47 +0000,102
2023-06-10 10:21:49 +0000,2023-06-10 10:21:49 +0000,102
2023-06-10 10:21:54 +0000,2023-06-10 10:21:54 +0000,109
2023-06-10 10:22:03 +0000,2023-06-10 10:22:03 +0000,99
2023-06-10 10:22:07 +0000,2023-06-10 10:22:07 +0000,104
2023-06-10 10:22:10 +0000,2023-06-10 10:22:10 +0000,102
2023-06-10 10:22:14 +0000,2023-06-10 10:22:14 +0000,101
2023-06-10 10:22:23 +0000,2023-06-10 10:22:23 +0000,94
2023-06-10 10:22:24 +0000,2023-06-10 10:22:24 +0000,94
2023-06-10 10:22:31 +0000,2023-06-10 10:22:31 +0000,101
2023-06-10 10:22:38 +0000,2023-06-10 10:22:38 +0000,89
2023-06-10 10:22:43 +0000,2023-06-10 10:22:43 +0000,92
2023-06-10 10:22:46 +0000,2023-06-10 10:22:46 +0000,90
2023-06-10 10:22:53 +0000,2023-06-10 10:22:53 +0000,91
2023-06-10 10:22:55 +0000,2023-06-10 10:22:55 +0000,90
2023-06-10 10:23:00 +0000,2023-06-10 10:23:00 +0000,93
2023-06-10 10:23:04 +0000,2023-06-10 10:23:04 +0000,94
2023-06-10 10:23:09 +0000,2023-06-10 10:23:09 +0000,97
2023-06-10 10:23:14 +0000,2023-06-10 10:23:14 +0000,100
2023-06-10 10:23:23 +0000,2023-06-10 10:23:23 +0000,93
2023-06-10 10:23:24 +0000,2023-06-10 10:23:24 +0000,94
2023-06-10 10:23:33 +0000,2023-06-10 10:23:33 +0000,106
2023-06-10 10:23:34 +0000,2023-06-10 10:23:34 +0000,106
2023-06-10 10:23:41 +0000,2023-06-10 10:23:41 +0000,111
2023-06-10 10:23:44 +0000,2023-06-10 10:23:44 +0000,113
2023-06-10 10:23:52 +0000,2023-06-10 10:23:52 +0000,113
2023-06-10 10:23:56 +0000,2023-06-10 10:23:56 +0000,114
2023-06-10 10:24:03 +0000,2023-06-10 10:24:03 +0000,115
2023-06-10 10:24:06 +0000,2023-06-10 10:24:06 +0000,116
2023-06-10 10:24:13 +0000,2023-06-10 10:24:13 +0000,113
2023-06-10 10:24:14 +0000,2023-06-10 10:24:14 +0000,113
2023-06-10 10:24:20 +0000,2023-06-10 10:24:20 +0000,114
2023-06-10 10:24:28 +0000,2023-06-10 10:24:28 +0000,115
2023-06-10 10:24:29 +0000,2023-06-10 10:24:29 +0000,115
2023-06-10 10:24:36 +0000,2023-06-10 10:24:36 +0000,109
2023-06-10 10:24:39 +0000,2023-06-10 10:24:39 +0000,112
2023-06-10 10:24:44 +0000,2023-06-10 10:24:44 +0000,115
2023-06-10 10:24:49 +0000,2023-06-10 10:24:49 +0000,109
2023-06-10 10:24:54 +0000,2023-06-10 10:24:54 +0000,114
2023-06-10 10:25:03 +0000,2023-06-10 10:25:03 +0000,134
2023-06-10 10:25:04 +0000,2023-06-10 10:25:04 +0000,135
2023-06-10 10:25:13 +0000,2023-06-10 10:25:13 +0000,148
2023-06-10 10:25:14 +0000,2023-06-10 10:25:14 +0000,148
2023-06-10 10:25:19 +0000,2023-06-10 10:25:19 +0000,153
2023-06-10 10:25:24 +0000,2023-06-10 10:25:24 +0000,155
2023-06-10 10:25:30 +0000,2023-06-10 10:25:30 +0000,158
2023-06-10 10:25:37 +0000,2023-06-10 10:25:37 +0000,161
2023-06-10 10:25:40 +0000,2023-06-10 10:25:40 +0000,160
2023-06-10 10:25:44 +0000,2023-06-10 10:25:44 +0000,163
2023-06-10 10:25:50 +0000,2023-06-10 10:25:50 +0000,165
2023-06-10 10:25:58 +0000,2023-06-10 10:25:58 +0000,163
2023-06-10 10:26:02 +0000,2023-06-10 10:26:02 +0000,163
2023-06-10 10:26:06 +0000,2023-06-10 10:26:06 +0000,163
2023-06-10 10:26:09 +0000,2023-06-10 10:26:09 +0000,164
2023-06-10 10:26:15 +0000,2023-06-10 10:26:15 +0000,167
2023-06-10 10:26:23 +0000,2023-06-10 10:26:23 +0000,168
2023-06-10 10:26:28 +0000,2023-06-10 10:26:28 +0000,169
2023-06-10 10:26:32 +0000,2023-06-10 10:26:32 +0000,170
2023-06-10 10:26:36 +0000,2023-06-10 10:26:36 +0000,170
2023-06-10 10:26:41 +0000,2023-06-10 10:26:41 +0000,170
2023-06-10 10:26:45 +0000,2023-06-10 10:26:45 +0000,170
2023-06-10 10:26:50 +0000,2023-06-10 10:26:50 +0000,171
2023-06-10 10:26:59 +0000,2023-06-10 10:26:59 +0000,171
2023-06-10 10:27:03 +0000,2023-06-10 10:27:03 +0000,171
2023-06-10 10:27:07 +0000,2023-06-10 10:27:07 +0000,171
2023-06-10 10:27:14 +0000,2023-06-10 10:27:14 +0000,170
2023-06-10 10:27:16 +0000,2023-06-10 10:27:16 +0000,171
2023-06-10 10:27:24 +0000,2023-06-10 10:27:24 +0000,169
2023-06-10 10:27:29 +0000,2023-06-10 10:27:29 +0000,170
2023-06-10 10:27:31 +0000,2023-06-10 10:27:31 +0000,170
2023-06-10 10:27:38 +0000,2023-06-10 10:27:38 +0000,170
2023-06-10 10:27:41 +0000,2023-06-10 10:27:41 +0000,169
2023-06-10 10:27:47 +0000,2023-06-10 10:27:47 +0000,170
2023-06-10 10:27:54 +0000,2023-06-10 10:27:54 +0000,171
2023-06-10 10:27:56 +0000,2023-06-10 10:27:56 +0000,171
2023-06-10 10:28:02 +0000,2023-06-10 10:28:02 +0000,172
2023-06-10 10:28:05 +0000,2023-06-10 10:28:05 +0000,172
2023-06-10 10:28:10 +0000,2023-06-10 10:28:10 +0000,172
2023-06-10 10:28:15 +0000,2023-06-10 10:28:15 +0000,172
2023-06-10 10:28:22 +0000,2023-06-10 10:28:22 +0000,172
2023-06-10 10:28:29 +0000,2023-06-10 10:28:29 +0000,172
2023-06-10 10:28:30 +0000,2023-06-10 10:28:30 +0000,172
2023-06-10 10:28:36 +0000,2023-06-10 10:28:36 +0000,173
2023-06-10 10:28:44 +0000,2023-06-10 10:28:44 +0000,172
2023-06-10 10:28:46 +0000,2023-06-10 10:28:46 +0000,172
2023-06-10 10:28:50 +0000,2023-06-10 10:28:50 +0000,173
2023-06-10 10:28:59 +0000,2023-06-10 10:28:59 +0000,172
2023-06-10 10:29:01 +0000,2023-06-10 10:29:01 +0000,173
2023-06-10 10:29:05 +0000,2023-06-10 10:29:05 +0000,173
2023-06-10 10:29:13 +0000,2023-06-10 10:29:13 +0000,174
2023-06-10 10:29:15 +0000,2023-06-10 10:29:15 +0000,174
2023-06-10 10:29:20 +0000,2023-06-10 10:29:20 +0000,174
2023-06-10 10:29:26 +0000,2023-06-10 10:29:26 +0000,174
2023-06-10 10:29:31 +0000,2023-06-10 10:29:31 +0000,173
2023-06-10 10:29:36 +0000,2023-06-10 10:29:36 +0000,173
2023-06-10 10:29:40 +0000,2023-06-10 10:29:40 +0000,172
2023-06-10 10:29:48 +0000,2023-06-10 10:29:48 +0000,172
2023-06-10 10:29:50 +0000,2023-06-10 10:29:50 +0000,172
2023-06-10 10:29:59 +0000,2023-06-10 10:29:59 +0000,170
2023-06-10 10:30:01 +0000,2023-06-10 10:30:01 +0000,170
2023-06-10 10:30:07 +0000,2023-06-10 10:30:07 +0000,171
2023-06-10 10:30:13 +0000,2023-06-10 10:30:13 +0000,171
2023-06-10 10:30:15 +0000,2023-06-10 10:30:15 +0000,171
2023-06-10 10:30:23 +0000,2023-06-10 10:30:23 +0000,170
2023-06-10 10:30:29 +0000,2023-06-10 10:30:29 +0000,170
2023-06-10 10:30:32 +0000,2023-06-10 10:30:32 +0000,170
2023-06-10 10:30:38 +0000,2023-06-10 10:30:38 +0000,169
2023-06-10 10:30:40 +0000,2023-06-10 10:30:40 +0000,169
2023-06-10 10:30:46 +0000,2023-06-10 10:30:46 +0000,167
2023-06-10 10:30:50 +0000,2023-06-10 10:30:50 +0000,165
2023-06-10 10:30:55 +0000,2023-06-10 10:30:55 +0000,164
2023-06-10 10:31:04 +0000,2023-06-10 10:31:04 +0000,159
2023-06-10 10:31:06 +0000,2023-06-10 10:31:06 +0000,159
2023-06-10 10:31:11 +0000,2023-06-10 10:31:11 +0000,158
2023-06-10 10:31:19 +0000,2023-06-10 10:31:19 +0000,151
2023-06-10 10:31:24 +0000,2023-06-10 10:31:24 +0000,147
2023-06-10 10:31:27 +0000,2023-06-10 10:31:27 +0000,147
2023-06-10 10:31:34 +0000,2023-06-10 10:31:34 +0000,144
2023-06-10 10:31:38 +0000,2023-06-10 10:31:38 +0000,141
2023-06-10 10:31:41 +0000,2023-06-10 10:31:41 +0000,139
2023-06-10 10:31:48 +0000,2023-06-10 10:31:48 +0000,143
2023-06-10 10:31:53 +0000,2023-06-10 10:31:53 +0000,140
2023-06-10 10:31:56 +0000,2023-06-10 10:31:56 +0000,138
2023-06-10 10:32:04 +0000,2023-06-10 10:32:04 +0000,133
2023-06-10 10:32:09 +0000,2023-06-10 10:32:09 +0000,134
2023-06-10 10:32:14 +0000,2023-06-10 10:32:14 +0000,132
2023-06-10 10:32:17 +0000,2023-06-10 10:32:17 +0000,133
2023-06-10 10:32:21 +0000,2023-06-10 10:32:21 +0000,133
2023-06-10 10:32:25 +0000,2023-06-10 10:32:25 +0000,133
2023-06-10 10:32:33 +0000,2023-06-10 10:32:33 +0000,134
2023-06-10 10:32:35 +0000,2023-06-10 10:32:35 +0000,134
2023-06-10 10:32:40 +0000,2023-06-10 10:32:40 +0000,133
2023-06-10 10:32:49 +0000,2023-06-10 10:32:49 +0000,130
2023-06-10 10:32:54 +0000,2023-06-10 10:32:54 +0000,128
2023-06-10 10:32:58 +0000,2023-06-10 10:32:58 +0000,128
2023-06-10 10:33:00 +0000,2023-06-10 10:33:00 +0000,128
2023-06-10 10:33:09 +0000,2023-06-10 10:33:09 +0000,125
2023-06-10 10:33:10 +0000,2023-06-10 10:33:10 +0000,125
2023-06-10 10:33:19 +0000,2023-06-10 10:33:19 +0000,122
2023-06-10 10:33:22 +0000,2023-06-10 10:33:22 +0000,124
2023-06-10 10:33:25 +0000,2023-06-10 10:33:25 +0000,125
2023-06-10 10:33:30 +0000,2023-06-10 10:33:30 +0000,121
2023-06-10 10:33:38 +0000,2023-06-10 10:33:38 +0000,123
2023-06-10 10:33:40 +0000,2023-06-10 10:33:40 +0000,122
2023-06-10 10:33:49 +0000,2023-06-10 10:33:49 +0000,122
2023-06-10 10:33:50 +0000,2023-06-10 10:33:50 +0000,122
2023-06-10 10:33:59 +0000,2023-06-10 10:33:59 +0000,125
2023-06-10 10:34:02 +0000,2023-06-10 10:34:02 +0000,125
2023-06-10 10:34:08 +0000,2023-06-10 10:34:08 +0000,121
2023-06-10 10:34:14 +0000,2023-06-10 10:34:14 +0000,116
2023-06-10 10:34:17 +0000,2023-06-10 10:34:17 +0000,115
2023-06-10 10:34:23 +0000,2023-06-10 10:34:23 +0000,112
2023-06-10 10:34:28 +0000,2023-06-10 10:34:28 +0000,114
2023-06-10 10:34:32 +0000,2023-06-10 10:34:32 +0000,115
2023-06-10 10:34:35 +0000,2023-06-10 10:34:35 +0000,115
2023-06-10 10:34:44 +0000,2023-06-10 10:34:44 +0000,114
2023-06-10 10:34:49 +0000,2023-06-10 10:34:49 +0000,115
2023-06-10 10:34:51 +0000,2023-06-10 10:34:51 +0000,116
2023-06-10 10:34:58 +0000,2023-06-10 10:34:58 +0000,114
2023-06-10 10:35:00 +0000,2023-06-10 10:35:00 +0000,114
2023-06-10 10:35:07 +0000,2023-06-10 10:35:07 +0000,107
2023-06-10 10:35:14 +0000,2023-06-10 10:35:14 +0000,103
2023-06-10 10:35:15 +0000,2023-06-10 10:35:15 +0000,102
2023-06-10 10:35:21 +0000,2023-06-10 10:35:21 +0000,101
2023-06-10 10:35:26 +0000,2023-06-10 10:35:26 +0000,100
2023-06-10 10:35:34 +0000,2023-06-10 10:35:34 +0000,96
2023-06-10 10:35:38 +0000,2023-06-10 10:35:38 +0000,95
2023-06-10 10:35:40 +0000,2023-06-10 10:35:40 +0000,96
2023-06-10 10:35:47 +0000,2023-06-10 10:35:47 +0000,99
2023-06-10 10:35:54 +0000,2023-06-10 10:35:54 +0000,100
2023-06-10 10:35:55 +0000,2023-06-10 10:35:55 +0000,100
2023-06-10 10:36:04 +0000,2023-06-10 10:36:04 +0000,99
2023-06-10 10:36:06 +0000,2023-06-10 10:36:06 +0000,99
2023-06-10 10:36:12 +0000,2023-06-10 10:36:12 +0000,99
2023-06-10 10:36:19 +0000,2023-06-10 10:36:19 +0000,96
2023-06-10 10:36:21 +0000,2023-06-10 10:36:21 +0000,96
2023-06-10 10:36:26 +0000,2023-06-10 10:36:26 +0000,94
2023-06-10 10:36:33 +0000,2023-06-10 10:36:33 +0000,96
2023-06-10 10:36:39 +0000,2023-06-10 10:36:39 +0000,96
2023-06-10 10:36:43 +0000,2023-06-10 10:36:43 +0000,96
2023-06-10 10:36:48 +0000,2023-06-10 10:36:48 +0000,99
2023-06-10 10:36:51 +0000,2023-06-10 10:36:51 +0000,98
2023-06-10 10:36:58 +0000,2023-06-10 10:36:58 +0000,97
2023-06-10 10:37:04 +0000,2023-06-10 10:37:04 +0000,94
2023-06-10 10:37:05 +0000,2023-06-10 10:37:05 +0000,95
2023-06-10 10:37:14 +0000,2023-06-10 10:37:14 +0000,97
2023-06-10 10:37:15 +0000,2023-06-10 10:37:15 +0000,97
2023-06-10 10:37:24 +0000,2023-06-10 10:37:24 +0000,88
2023-06-10 10:37:26 +0000,2023-06-10 10:37:26 +0000,87
2023-06-10 10:37:34 +0000,2023-06-10 10:37:34 +0000,97
2023-06-10 10:37:39 +0000,2023-06-10 10:37:39 +0000,98
2023-06-10 10:37:42 +0000,2023-06-10 10:37:42 +0000,97
2023-06-10 10:37:49 +0000,2023-06-10 10:37:49 +0000,97
2023-06-10 10:37:53 +0000,2023-06-10 10:37:53 +0000,96
2023-06-10 10:37:55 +0000,2023-06-10 10:37:55 +0000,96
2023-06-10 10:38:00 +0000,2023-06-10 10:38:00 +0000,94
2023-06-10 10:38:05 +0000,2023-06-10 10:38:05 +0000,97
2023-06-10 10:38:10 +0000,2023-06-10 10:38:10 +0000,102
2023-06-10 10:38:16 +0000,2023-06-10 10:38:16 +0000,101
2023-06-10 10:38:24 +0000,2023-06-10 10:38:24 +0000,104
2023-06-10 10:38:29 +0000,2023-06-10 10:38:29 +0000,105
2023-06-10 10:38:34 +0000,2023-06-10 10:38:34 +0000,97
2023-06-10 10:38:37 +0000,2023-06-10 10:38:37 +0000,97
2023-06-10 10:38:40 +0000,2023-06-10 10:38:40 +0000,100
2023-06-10 10:38:46 +0000,2023-06-10 10:38:46 +0000,101
2023-06-10 10:38:53 +0000,2023-06-10 10:38:53 +0000,109
2023-06-10 10:38:55 +0000,2023-06-10 10:38:55 +0000,113
2023-06-10 10:39:04 +0000,2023-06-10 10:39:04 +0000,116
2023-06-10 10:39:05 +0000,2023-06-10 10:39:05 +0000,116
2023-06-10 10:39:13 +0000,2023-06-10 10:39:13 +0000,122
2023-06-10 10:39:18 +0000,2023-06-10 10:39:18 +0000,125
2023-06-10 10:39:21 +0000,2023-06-10 10:39:21 +0000,123
2023-06-10 10:39:29 +0000,2023-06-10 10:39:29 +0000,120
2023-06-10 10:39:33 +0000,2023-06-10 10:39:33 +0000,115
2023-06-10 10:39:35 +0000,2023-06-10 10:39:35 +0000,114
2023-06-10 10:39:40 +0000,2023-06-10 10:39:40 +0000,114
2023-06-10 10:39:49 +0000,2023-06-10 10:39:49 +0000,114
2023-06-10 10:39:50 +0000,2023-06-10 10:39:50 +0000,114
2023-06-10 10:39:59 +0000,2023-06-10 10:39:59 +0000,120
2023-06-10 10:40:03 +0000,2023-06-10 10:40:03 +0000,122
2023-06-10 10:40:09 +0000,2023-06-10 10:40:09 +0000,120
2023-06-10 10:40:12 +0000,2023-06-10 10:40:12 +0000,122
2023-06-10 10:40:16 +0000,2023-06-10 10:40:16 +0000,121
2023-06-10 10:40:22 +0000,2023-06-10 10:40:22 +0000,123
2023-06-10 10:40:29 +0000,2023-06-10 10:40:29 +0000,120
2023-06-10 10:40:32 +0000,2023-06-10 10:40:32 +0000,116
2023-06-10 10:40:39 +0000,2023-06-10 10:40:39 +0000,107
2023-06-10 10:40:44 +0000,2023-06-10 10:40:44 +0000,102
2023-06-10 10:40:47 +0000,2023-06-10 10:40:47 +0000,101
2023-06-10 18:42:06 +0000,2023-06-10 18:42:06 +0000,87
